State,Year,Population,Rates-Burglary,Rates-Larceny,Rates-Motor,Rates-Assault,Rates-Murder,Rates-Rape,Rates-Robbery,Total-All,Total-Burglary,Total-Larceny,Totals-Motor,Total-All-V,Total-Assault,Total-Murder,Total-Rape,Total-Robbery
Alabama,2005,4548327,955.8,2656,289,248.3,8.2,34.4,141.7,177393,43473,120780,13140,19678,11293,374,1564,6447
Alabama,2006,4599030,973.7,2640.8,326.5,227.5,8.3,35.8,153.6,181249,44780,121451,15018,19553,10463,382,1646,7062
Alabama,2007,4627851,980.6,2689.5,307.7,246.7,8.9,33.4,159.9,184082,45379,124465,14238,20775,11417,412,1548,7398
Alabama,2008,4661900,1081.3,2714.3,288.9,253,7.5,34.7,157.6,190416,50411,126539,13466,21110,11795,351,1618,7346
Alabama,2009,4708708,1037.3,2507.5,235.5,278.3,6.8,31.9,133.1,178007,48844,118072,11091,21194,13103,322,1504,6265
Alabama,2010,4785401,887.8,2414.9,225.3,248,5.7,28.3,101.6,168828,42484,115564,10780,18363,11869,275,1355,4864
Alabama,2011,4803689,1064.2,2319.3,222,282.9,6.2,28.5,102.1,173192,51119,111411,10662,20166,13591,299,1370,4906
Alabama,2012,4822023,984.7,2312.8,204.8,311.8,7.1,26.9,104.1,168878,47481,111523,9874,21693,15035,342,1296,5020
Alabama,2013,4833722,3351.3,877.8,2254.8,96.2,7.2,42.3,29.5,13787,161993,42429,108993,20826,4648,347,2044,1428
Alabama,2014,4849377,3177.6,819,2149.5,96.9,5.7,41.3,29.6,13745,154094,39715,104238,20727,4701,276,2005,1436
Alabama,2015,4858979,2978.9,725.6,2040.7,94.9,7.2,42,30,15954,144746,35255,99156,22952,4611,348,2039,1456
Alabama,2016,4863300,700.5,2006.3,241.1,388.2,8.4,39.4,96.4,143362,34065,97574,11723,25886,18877,407,1916,4686
Alabama,2017,4874747,645.7,2048.1,263.4,387.8,8.3,41.6,86.5,144160,31477,99842,12841,25551,18902,404,2028,4217
Alabama,2018,4887871,590.1,1958.9,268.3,387.6,7.8,40.8,83.4,137700,28841,95747,13112,25399,18944,383,1996,4076
Alabama,2019,4903185,531.9,1886.1,256.5,381,7.3,42.2,80.4,131133,26079,92477,12577,25046,18679,358,2068,3941
Alaska,2005,663253,622.8,2601,391,465.4,4.8,81.1,81,23975,4131,17249,2595,4194,3087,32,538,537
Alaska,2006,670053,620.1,2579.5,378.5,516.7,5.4,76.4,89.5,23975,4155,17284,2536,4610,3462,36,512,600
Alaska,2007,683478,546.3,2476.9,356,490.3,6.3,79.7,85,23096,3734,16929,2433,4520,3351,43,545,581
Alaska,2008,686293,471.7,2218.4,237.2,489,3.9,65.1,94,20090,3237,15225,1628,4475,3356,27,447,645
Alaska,2009,698473,515.4,2183.5,241.5,463.2,3.1,73.4,93.6,20538,3600,15251,1687,4424,3235,22,513,654
Alaska,2010,714146,434.8,2175.3,226.7,473.2,4.3,74.6,83.2,20259,3105,15535,1619,4537,3379,31,533,594
Alaska,2011,723860,394,2052.1,191.7,466.1,4.1,60.2,79.6,19094,2852,14854,1388,4416,3374,30,436,576
Alaska,2012,731449,403.3,2128,208.1,433.2,4.1,79.7,86.1,20037,2950,15565,1522,4412,3169,30,583,630
Alaska,2013,735132,2885.2,396.7,2258,84.9,4.6,125.4,87.6,3128,21210,2916,16599,4708,624,34,922,644
Alaska,2014,736732,2760,427.6,2096.4,85.4,5.6,104.7,75.3,3243,20334,3150,15445,4684,629,41,771,555
Alaska,2015,738432,2817.6,475.5,2065.1,103.1,8,122,88,3671,20806,3511,15249,5392,761,59,901,650
Alaska,2016,741894,546.3,2394.7,412.1,540.6,7,141.9,114.6,24876,4053,17766,3057,5966,4011,52,1053,850
Alaska,2017,739795,563.8,2402.7,575.6,575.4,8.4,116.7,128.5,26204,4171,17775,4258,6133,4257,62,863,951
Alaska,2018,737438,539.6,2219,541.9,595.4,6.4,161.6,121.5,24339,3979,16364,3996,6526,4391,47,1192,896
Alaska,2019,731545,487.1,2066,357.7,596,9.4,148.7,112.9,21294,3563,15114,2617,6343,4360,69,1088,826
Arizona,2005,5953007,946.2,2958,922,326.7,7.5,33.7,144.1,287345,56328,176112,54905,30478,19448,445,2006,8579
Arizona,2006,6166318,963.6,2891.9,918.7,340.3,8.6,39.7,153.9,294389,59418,178321,56650,33456,20983,533,2449,9491
Arizona,2007,6338755,946.4,2793.5,792.6,318.2,8.6,37.1,154,287308,59988,177076,50244,32835,20170,548,2353,9764
Arizona,2008,6500180,901.6,2607,593.6,293.8,7.1,33.8,150.9,266653,58606,169460,38587,31567,19096,462,2200,9809
Arizona,2009,6595778,823.4,2364.8,400.8,261.8,5.8,34.6,124.3,236721,54308,155976,26437,28128,17270,380,2279,8199
Arizona,2010,6413158,794.2,2403.4,338.9,264.7,6.4,34.2,108.4,226802,50932,154137,21733,26528,16976,408,2191,6953
Arizona,2011,6467315,845.7,2402.9,306.2,259,6.1,38.6,110.5,229896,54695,155400,19801,26789,16748,397,2499,7145
Arizona,2012,6553255,807.8,2439.1,292.3,276,5.5,34.7,112.7,231930,52934,159838,19158,28108,18087,358,2277,7386
Arizona,2013,6626624,3399.1,732.4,2403.5,101.1,5.4,46,35.4,17490,225243,48533,159272,27599,6702,357,3050,2343
Arizona,2014,6731484,3197.5,647.1,2289.1,92.8,4.7,50.2,36.6,16970,215240,43562,154091,26916,6249,319,3378,2464
Arizona,2015,6828065,3033.2,555.9,2231.5,93.1,4.5,45.5,33.6,18235,207107,37957,152365,28012,6360,309,3108,2294
Arizona,2016,6931071,544.4,2168.1,265.8,315.4,5.5,47.5,101.8,206432,37736,150275,18421,32583,21858,380,3290,7055
Arizona,2017,7016270,536.3,2107,271.6,345,5.9,51,106,204515,37627,147830,19058,35644,24207,416,3581,7440
Arizona,2018,7171646,439.7,1970.3,266.9,328.1,5.1,50.7,91,191974,31532,141303,19139,34058,23528,369,3638,6523
Arizona,2019,7278717,394.3,1796.9,249.4,311.9,5,50.3,88.1,177638,28699,130788,18151,33141,22704,365,3662,6410
Arkansas,2005,2775708,1085.1,2720,262,387.2,6.8,43.3,91.2,112914,30118,75510,7286,14670,10747,189,1202,2532
Arkansas,2006,2810872,1133.6,2584.5,267.4,400.6,7.3,47.1,97.8,112025,31864,72646,7515,15538,11259,205,1325,2749
Arkansas,2007,2834797,1130.1,2578.5,246.9,374.9,7,45.6,109.5,112130,32035,73096,6999,15226,10629,198,1294,3105
Arkansas,2008,2855390,1187.6,2448.2,229.1,358.8,5.8,51.2,97.3,110360,33912,69905,6543,14649,10244,165,1463,2777
Arkansas,2009,2889450,1202.8,2361.3,211,372.8,6.2,47.7,89.2,109078,34753,68228,6097,14905,10772,179,1378,2576
Arkansas,2010,2921588,1111.1,2252.1,190.3,372.6,4.6,45.2,81.1,103820,32463,65796,5561,14711,10887,134,1321,2369
Arkansas,2011,2938582,1157.6,2404.1,196.3,354.8,5.4,41.9,80.2,110430,34016,70645,5769,14173,10426,160,1230,2357
Arkansas,2012,2949131,1081.3,2384.7,194.1,342.3,5.9,42.3,78.7,107941,31890,70327,5724,13835,10095,173,1247,2320
Arkansas,2013,2959373,3602.6,1030.1,2380.6,76.3,5.4,48.1,33.6,9781,106613,30485,70450,13621,2258,159,1423,993
Arkansas,2014,2966369,3338,835.7,2313.5,69.1,5.6,59.4,39.8,10265,99018,24790,68627,14243,2050,165,1763,1182
Arkansas,2015,2978204,3251.5,760.2,2297.5,70.4,6.1,64.8,43.7,11316,96836,22640,68424,15526,2098,181,1931,1300
Arkansas,2016,2988248,795.5,2233.6,239.4,401,7.2,71.7,70.9,97673,23771,66747,7155,16461,11982,216,2143,2120
Arkansas,2017,3004279,727.7,2109.5,241.4,413.6,8.6,68.3,64.4,92489,21862,63374,7253,16671,12425,258,2053,1935
Arkansas,2018,3013825,636.8,2040.2,236,410.7,7.2,72.9,52.9,87793,19193,61487,7113,16384,12378,216,2196,1594
Arkansas,2019,3017804,599.6,2012.6,245.9,447.8,8,77.2,51.6,86250,18095,60735,7420,17643,13513,242,2331,1557
California,2005,36154147,692.9,1915,712,317.1,6.9,26,176,1200531,250521,692467,257543,190178,114661,2503,9392,63622
California,2006,36457549,678.1,1835.3,668.3,306.2,6.8,25.3,195.1,1159988,247230,669103,243655,194483,111620,2486,9235,71142
California,2007,36553215,650.7,1790.6,602.2,299.7,6.2,24.7,193.4,1112510,237850,654526,220134,191561,109547,2262,9046,70706
California,2008,36756666,647,1770.2,523.8,285.4,5.8,24.2,188.8,1080996,237811,650656,192529,185329,104896,2142,8903,69388
California,2009,36961664,622.8,1665,443.3,271,5.3,23.6,173.4,1009433,230198,615402,163833,174934,100156,1972,8713,64093
California,2010,37338198,612.9,1608.4,408.5,256.8,4.8,22.3,155.6,981939,228857,600558,152524,164133,95877,1809,8331,58116
California,2011,37683933,610.5,1584,389.7,242,4.8,20.3,144.1,973822,230075,596905,146842,154943,91195,1792,7665,54291
California,2012,38041430,646.1,1669.5,443.2,248.9,5,20.6,148.6,1049465,245767,635090,168608,160944,94702,1884,7837,56521
California,2013,38332521,2658.1,605.4,1621.5,139.9,4.6,25.3,19.5,89029,1018907,232058,621557,154129,53640,1746,9714,7464
California,2014,38802500,2441.1,522.3,1527.4,125.5,4.4,29.7,21.6,91803,947192,202670,592670,153709,48680,1699,11527,8398
California,2015,39144818,2618.3,504.3,1677.1,135,4.8,32.7,24,99349,1024914,197404,656517,166883,52862,1861,12811,9387
California,2016,39250017,479.8,1623,450.3,265.9,4.9,34.9,139.6,1002070,188304,637010,176756,174796,104375,1930,13702,54789
California,2017,39536653,446.9,1623.9,425.9,264.2,4.6,37.2,143.2,987114,176690,642033,168391,177627,104454,1830,14721,56622
California,2018,39557045,416.2,1571.8,392.4,266.5,4.4,39.2,137.3,941618,164632,621775,155211,176982,105412,1739,15505,54326
California,2019,39512223,386.1,1586.3,358.8,267.1,4.3,37.5,132.4,921114,152555,626802,141757,174331,105541,1690,14799,52301
Colorado,2005,4663295,745.1,2736,560,264.9,3.7,43.4,84.7,188449,34746,127602,26101,18498,12351,173,2026,3948
Colorado,2006,4753377,681.9,2322,434.6,265.9,3.6,45.4,80.4,163439,32411,110372,20656,18794,12641,171,2158,3824
Colorado,2007,4861515,589,2067.6,342.6,234.7,3.2,42.7,71.2,145808,28633,100519,16656,17101,11410,155,2075,3461
Colorado,2008,4939456,568,1982.7,270.3,238.1,3.3,43.5,68.9,139340,28054,97937,13349,17480,11760,165,2151,3404
Colorado,2009,5024748,530.1,1892.2,248.4,223.4,3.2,45.2,67.1,134196,26637,95079,12480,17022,11223,159,2269,3371
Colorado,2010,5047692,519,1932.2,223.3,214.3,2.6,44.2,62.7,135001,26196,97534,11271,16339,10816,129,2230,3164
Colorado,2011,5116302,502.8,1877.4,215,202.2,3,44.7,64.5,132781,25725,96054,11002,16085,10346,155,2285,3299
Colorado,2012,5187582,504.2,1947.4,233.1,199.6,3.1,40.7,65.4,139270,26157,101021,12092,16023,10353,162,2113,3395
Colorado,2013,5268367,2658.5,476.1,1944.5,59.8,3.4,55.7,38.9,9963,140057,25081,102443,16226,3151,178,2934,2050
Colorado,2014,5355866,2530.1,438.2,1857.1,56.7,2.8,56.7,39.6,10325,135510,23472,99464,16554,3039,151,3039,2121
Colorado,2015,5456574,2641.5,429.8,1918.5,60.9,3.2,59.7,43.6,10759,144136,23454,104682,17515,3323,176,3257,2377
Colorado,2016,5540545,431.4,1955.3,354,211.1,3.7,64.2,63.7,151850,23903,108336,19611,18983,11696,204,3555,3528
Colorado,2017,5607154,406.9,1904.9,389.9,226.9,3.9,68.8,68.4,151483,22813,106809,21861,20638,12721,221,3858,3838
Colorado,2018,5695564,375.2,1915.9,380.5,255.4,3.7,71.5,66.7,152163,21371,109119,21673,22624,14547,210,4070,3797
Colorado,2019,5758736,348.4,1858.3,384,246.3,3.8,67.2,63.6,149189,20064,107012,22113,21938,14185,218,3872,3663
Connecticut,2005,3500701,435.5,1840,303,136.9,3,20.3,112.3,90270,15245,64416,10609,9542,4792,105,712,3933
Connecticut,2006,3504809,444.6,1847.9,293.6,148.7,3.9,19.9,127.3,90638,15583,64765,10290,10505,5212,137,696,4460
Connecticut,2007,3502309,446.6,1739.9,284.1,155.4,3.2,19.7,122.9,86528,15640,60937,9951,10547,5441,113,690,4303
Connecticut,2008,3501252,431.5,1805.4,253.9,168,3.8,19.4,115.5,87210,15107,63212,8891,10737,5882,132,680,4043
Connecticut,2009,3518288,431.2,1705.1,212.1,165.5,3,18.7,113.7,82625,15172,59992,7461,10588,5824,106,657,4001
Connecticut,2010,3575498,423.6,1577.8,187.4,162.3,3.7,16.6,99.4,78259,15145,56413,6701,10083,5802,133,595,3553
Connecticut,2011,3586717,431.3,1535.3,186,150.1,3.6,19.2,102.9,77205,15468,55067,6670,9889,5382,129,689,3689
Connecticut,2012,3590347,409.7,1550.7,179.6,150.6,4.1,25.6,102.7,76834,14711,55674,6449,10160,5408,146,919,3687
Connecticut,2013,3596080,1974.1,358.5,1442.6,98.2,2.4,26.6,18.6,4869,70990,12892,51876,9440,3530,86,955,668
Connecticut,2014,3596677,1920.4,332.4,1418.1,87.8,2.4,21.7,15.9,4495,69070,11955,51005,8522,3159,86,782,571
Connecticut,2015,3590886,1812,280,1355.5,80.5,3.3,21.5,16.2,4063,65066,10053,48675,7845,2892,117,773,582
Connecticut,2016,3576452,280.9,1328.5,198.7,128,2.2,21.3,75.6,64664,10045,47512,7107,8123,4579,78,763,2703
Connecticut,2017,3588184,247.8,1318.5,203.7,123.4,2.8,23.3,78.4,63509,8890,47310,7309,8180,4428,102,837,2813
Connecticut,2018,3572665,222.5,1251.8,206.7,120.2,2.3,23.5,61.4,60055,7948,44724,7383,7411,4294,83,840,2194
Connecticut,2019,3565287,180.7,1078.7,167.3,105,2.9,21.6,54.1,50862,6441,38457,5964,6546,3742,104,771,1929
Delaware,2005,841741,690.4,2148,279,429.1,4.4,44.8,155.2,26245,5811,18085,2349,5332,3612,37,377,1306
Delaware,2006,853476,742.5,2396,337.9,437.4,4.9,48.9,209.8,29670,6337,20449,2884,5983,3733,42,417,1791
Delaware,2007,864764,742.4,2365.3,270.8,457.6,4.5,39.4,203.9,29216,6420,20454,2342,6100,3957,39,341,1763
Delaware,2008,873092,776.9,2524.9,292.9,448.1,6.5,42.5,211.5,31385,6783,22045,2557,6187,3912,57,371,1847
Delaware,2009,885122,784.4,2354,215.3,406.4,4.6,44.6,189.8,29685,6943,20836,1906,5713,3597,41,395,1680
Delaware,2010,899792,839.1,2399.8,215,377,5.7,36.2,204.4,31078,7550,21593,1935,5608,3392,51,326,1839
Delaware,2011,908137,838.8,2422.7,170.1,355.8,5.3,33.8,171.6,31163,7617,22001,1545,5144,3231,48,307,1558
Delaware,2012,917092,803.7,2380.6,156.6,352,6.2,26.5,162.7,30639,7371,21832,1436,5020,3228,57,243,1492
Delaware,2013,925749,3065.5,662.3,2259.4,132.4,4.2,41,28.7,2904,28379,6131,20916,4549,1226,39,380,266
Delaware,2014,935614,2982,616.5,2230.1,135.6,5.8,41.3,26.6,2867,27900,5768,20865,4576,1269,54,386,249
Delaware,2015,945934,2691,504.6,2061.6,130.6,6.7,36,25.7,3081,25455,4773,19501,4720,1235,63,341,243
Delaware,2016,952065,527.6,2078.7,159.7,327.8,5.9,32.4,142.7,26334,5023,19791,1520,4844,3121,56,308,1359
Delaware,2017,961939,412.7,1885.6,142.3,300.5,5.6,34.7,112.5,23477,3970,18138,1369,4361,2891,54,334,1082
Delaware,2018,967171,326.5,1845.3,152.6,294.2,5,34.9,89.5,22481,3158,17847,1476,4097,2845,48,338,866
Delaware,2019,973764,304.8,1782.7,164.7,304.7,4.9,31.8,81.1,21931,2968,17359,1604,4115,2967,48,310,790
District of Columbia,2005,582049,614.6,2549,1326,682.2,33.5,28.5,635.7,26133,3577,14836,7720,8032,3971,195,166,3700
District of Columbia,2006,581530,659.5,2735.5,1258.9,789.1,29.1,31.8,658.4,27064,3835,15908,7321,8772,4589,169,185,3829
District of Columbia,2007,588292,667.4,2956,1292.9,626.7,30.8,32.6,725,28922,3926,17390,7606,8325,3687,181,192,4265
District of Columbia,2008,591833,640,3372.2,1092.4,626.4,31.4,31.4,748.5,30211,3788,19958,6465,8509,3707,186,186,4430
District of Columbia,2009,599657,616.4,3213,922.5,565.3,24.2,25,734.4,28495,3696,19267,5532,8089,3390,145,150,4404
District of Columbia,2010,604912,699.8,3225.9,835.7,559.1,21.8,30.9,715,28802,4233,19514,5055,8026,3382,132,187,4325
District of Columbia,2011,619020,622,3448.5,720,494,17.4,27.9,661.4,29654,3850,21347,4457,7433,3058,108,173,4094
District of Columbia,2012,632323,556.5,3725.3,579,554.1,13.9,37.3,638.3,30736,3519,23556,3661,7864,3504,88,236,4036
District of Columbia,2013,646449,4808.3,513,3795,630.8,15.9,61.1,42.7,3830,31083,3316,24533,8406,4078,103,395,276
District of Columbia,2014,658893,5182.5,526,4082.3,530.7,15.9,71.6,53.4,4125,34147,3466,26898,8199,3497,105,472,352
District of Columbia,2015,672228,4676.2,442,3748.7,556.7,24.1,73.5,54.4,4133,31435,2971,25200,8531,3742,162,494,366
District of Columbia,2016,681170,346.6,4019.8,436.5,596.5,20.4,78.1,510.9,32716,2361,27382,2973,8214,4063,139,532,3480
District of Columbia,2017,693972,260.7,3650.4,372.8,546.3,16.7,64,378,29729,1809,25333,2587,6974,3791,116,444,2623
District of Columbia,2018,702455,254.5,3750.1,369.1,565.3,22.8,64.1,343.8,30724,1788,26343,2593,6996,3971,160,450,2415
District of Columbia,2019,705749,261.1,3775.4,330.6,592.1,23.5,48.9,384.4,30821,1843,26645,2333,7403,4179,166,345,2713
Florida,2005,17768191,927.4,2662,424,497.2,5,37.1,169.6,712998,164783,472912,75303,125957,88341,883,6592,30141
Florida,2006,18089888,944.6,2619,422.6,485.6,6.2,35.8,188.8,721101,170873,473774,76454,129602,87851,1129,6475,34147
Florida,2007,18251243,996.3,2689,403.4,473.2,6.6,33.7,209.1,746249,181836,490783,73630,131878,86372,1202,6149,38155
Florida,2008,18328340,1028.3,2765.7,346.5,452,6.4,32.6,197.9,758889,188472,506902,63515,126256,82848,1168,5972,36268
Florida,2009,18537969,981.1,2588.6,271.1,410.6,5.5,29.7,166.7,712010,181884,479867,50259,113541,76112,1017,5501,30911
Florida,2010,18838613,897.7,2433.6,220.1,369,5.2,28.5,138.5,669035,169119,458454,41462,101969,69523,987,5373,26086
Florida,2011,19082262,891.8,2418,207.6,347.5,5.2,27.6,134.3,671200,170171,461408,39621,98198,66319,984,5273,25622
Florida,2012,19317568,794.9,2288.6,193.2,330.9,5.2,27.2,123.7,632988,153563,442095,37330,94087,63929,1009,5260,23889
Florida,2013,19552860,3105.3,710.5,2216.3,118.7,5,34.6,24.1,61054,607172,138916,433344,91986,23200,972,6760,4722
Florida,2014,19893297,3415.5,719.9,2481.5,125.2,5.8,43,30.4,72895,679446,143220,493647,107521,24914,1149,8563,6051
Florida,2015,20271272,2813.2,539,2073.6,104.3,5.1,37.3,26.8,63895,570270,109268,420341,93626,21137,1041,7553,5430
Florida,2016,20612439,486.7,1990.8,209.3,290.2,5.4,36.9,97.9,553812,100325,410352,43135,88700,59816,1111,7598,20175
Florida,2017,20984400,423.4,1884.5,204.5,276.5,5,37.8,88.6,527220,88853,395453,42914,85625,58031,1057,7940,18597
Florida,2018,21299325,337.7,1750.8,193.3,260.8,5.2,39.6,79.3,486017,71933,372919,41165,81980,55551,1107,8438,16884
Florida,2019,21477737,295.2,1668.7,181.8,258.3,5.2,39.4,75.5,460846,63396,358402,39048,81270,55475,1122,8456,16217
Georgia,2005,9132553,924.9,2733,487,262.5,6.2,23.5,153.7,378534,84463,249594,44477,40725,23977,564,2143,14041
Georgia,2006,9363941,909.2,2503.7,460.6,282.7,6.5,23.2,165.6,362712,85140,234445,43127,44754,26469,605,2169,15511
Georgia,2007,9544750,946,2498.1,445.5,279.8,7.5,23,181.2,371248,90294,238436,42518,46917,26708,720,2198,17291
Georgia,2008,9685744,1038.3,2557.5,409.3,274.3,6.6,24.1,183.9,387917,100564,247709,39644,47353,26571,640,2334,17808
Georgia,2009,9829211,1003.2,2332,337.4,249.8,5.8,23.6,148.9,360985,98606,229216,33163,42073,24553,566,2323,14631
Georgia,2010,9712157,998.2,2328.6,312.4,247.5,5.7,21.7,127.4,353449,96947,226161,30341,39068,24034,555,2107,12372
Georgia,2011,9812460,978.5,2359.7,302.5,223,5.6,21.1,125,357235,96014,231543,29678,36762,21881,549,2066,12266
Georgia,2012,9919945,874.9,2248,287.7,226,5.9,21.4,125.6,338329,86789,223004,28536,37591,22423,581,2124,12463
Georgia,2013,9992167,3346.6,823.2,2254.9,125,5.6,25.8,19.9,20915,334399,82258,225315,36541,12488,556,2582,1984
Georgia,2014,10097343,3281.2,756.9,2258.4,123,5.7,30.2,21.4,22052,331316,76428,228034,38097,12417,580,3048,2159
Georgia,2015,10214860,3022.3,649.8,2113.3,119.9,6,31.6,22.5,22557,308723,66374,215867,38643,12247,615,3224,2296
Georgia,2016,10310371,614.4,2130.1,259.9,238.5,6.6,34,118.4,309770,63344,219625,26801,40990,24595,681,3509,12205
Georgia,2017,10429379,530.9,2077.4,251.8,228.1,6.7,26.1,96.3,298298,55374,216661,26263,37258,23793,703,2718,10044
Georgia,2018,10519475,431.3,1907,235.4,216.6,6.1,25.2,78.7,270738,45369,200609,24760,34355,22783,642,2651,8279
Georgia,2019,10617423,372.1,1779.8,223.9,232,6.2,27.5,75,252249,39506,188967,23776,36170,24633,654,2922,7961
Hawaii,2005,1273278,769,3313,717,148,1.9,26.9,78.6,61115,9792,42188,9135,3253,1885,24,343,1001
Hawaii,2006,1285498,678.6,2939.3,602,162.6,1.6,27.5,89,54247,8724,37784,7739,3608,2090,21,353,1144
Hawaii,2007,1283388,708.2,2921.5,489.6,157.5,1.9,29.4,87.4,52866,9089,37494,6283,3544,2021,24,377,1122
Hawaii,2008,1288198,730,2439.4,397.1,158.1,2,28.2,84.2,45944,9404,31424,5116,3510,2036,26,363,1085
Hawaii,2009,1295178,713.7,2580,375,163.1,1.8,29.7,79.5,47516,9244,33415,4857,3550,2112,23,385,1030
Hawaii,2010,1363359,638.6,2323.7,387.3,156.7,1.8,27.7,78.1,45667,8706,31681,5280,3603,2136,25,377,1065
Hawaii,2011,1378129,592.5,2266.8,324.3,152.2,1.5,25.6,72.1,43874,8165,31240,4469,3465,2098,20,353,994
Hawaii,2012,1392313,573.1,2243.2,258.9,141.9,2.1,20.5,74.7,42817,7979,31233,3605,3330,1976,29,285,1040
Hawaii,2013,1404054,3053.7,536.5,2254.8,80.6,1.5,27.4,21.1,1996,42875,7533,31658,3533,1131,21,385,296
Hawaii,2014,1419561,3050,547.9,2228.9,78,1.8,31.3,22.1,2102,43297,7778,31640,3680,1107,26,445,314
Hawaii,2015,1431603,3796.2,458,2934.5,84,1.3,39.2,27.9,2418,54346,6557,42010,4201,1203,19,561,400
Hawaii,2016,1428557,421.2,2175.8,395.8,193.8,2.5,43.3,69.6,42753,6017,31082,5654,4417,2769,35,619,994
Hawaii,2017,1427538,388.7,2071.7,369.1,132.7,2.7,39.7,75.4,40392,5549,29574,5269,3577,1894,39,567,1077
Hawaii,2018,1420491,396.4,2076.2,397.7,135.5,2.5,44,66.6,40772,5631,29492,5649,3532,1925,36,625,946
Hawaii,2019,1415872,377.2,2093,371.1,148.2,3.4,54,79.9,40228,5340,29634,5254,4042,2098,48,765,1131
Idaho,2005,1429367,564.3,1931,202,195.3,2.4,40.4,18.6,38556,8066,27606,2884,3670,2792,35,577,266
Idaho,2006,1466465,514.5,1715.3,166.1,185.9,2.4,41.7,20,35135,7545,25154,2436,3666,2726,35,611,294
Idaho,2007,1499402,475.6,1649.1,151.1,196.2,3.3,40.5,16.2,34124,7131,24727,2266,3841,2942,49,607,243
Idaho,2008,1523816,442.8,1544.3,108.9,186.3,1.5,38,15.7,31940,6748,23532,1660,3680,2839,23,579,239
Idaho,2009,1545801,432.3,1492.2,95.2,191,1.6,37.2,16.4,31220,6682,23066,1472,3805,2952,24,575,254
Idaho,2010,1571102,414.5,1501.7,84.6,171.6,1.4,33.9,13.6,31436,6513,23594,1329,3464,2696,22,533,213
Idaho,2011,1583744,436.6,1555.1,84,160.1,2.2,28,11.9,32875,6915,24629,1331,3202,2535,35,444,188
Idaho,2012,1595728,450.3,1447.7,85.5,160.9,1.8,30,15.2,31651,7186,23101,1364,3318,2567,29,479,243
Idaho,2013,1612136,1864.3,411.9,1357.1,13.6,1.7,40.6,28.3,2596,30055,6640,21879,3498,220,27,655,457
Idaho,2014,1634464,1854.8,393.3,1359.9,12.5,2,37.3,28.6,2623,30316,6428,22227,3468,204,32,609,468
Idaho,2015,1654930,1743.8,370,1260.7,11.6,1.9,41.9,32.2,2650,28858,6124,20863,3568,192,32,694,533
Idaho,2016,1683140,375.4,1245.4,123.4,172,2.9,42.7,12.7,29357,6318,20962,2077,3876,2895,49,719,213
Idaho,2017,1716943,329.4,1181.1,125,172,1.9,41.2,11.4,28079,5655,20278,2146,3888,2953,32,707,196
Idaho,2018,1754208,281.6,1067.8,112,168.6,2,45.1,11.4,25636,4940,18732,1964,3983,2957,35,791,200
Idaho,2019,1787065,219.7,911.8,87.9,167.9,2,45.3,8.7,21793,3927,16295,1571,4000,3001,35,809,155
Illinois,2005,12765427,608.2,2175,308,330.3,6,33.8,182.2,394670,77635,277662,39373,70496,42158,770,4313,23255
Illinois,2006,12831970,602.1,2124.2,293.3,318.4,6.1,31.8,185.3,387478,77259,272578,37641,69498,40858,780,4078,23782
Illinois,2007,12852548,587.6,2084.5,263.7,315.7,5.9,31.9,179.7,377322,75524,267911,33887,68528,40573,752,4103,23100
Illinois,2008,12901563,612.1,2068.1,252.5,300.9,6.1,31.9,186.4,378355,78968,266815,32572,67780,38818,790,4118,24054
Illinois,2009,12910409,603,1927.3,206.6,283.4,6,30.2,177.6,353347,77850,248821,26676,64185,36588,773,3901,22923
Illinois,2010,12841980,603.3,1889.7,225.1,256.8,5.5,23.9,158.7,349064,77472,242681,28911,57132,32976,704,3066,20386
Illinois,2011,12859752,604.4,1845.8,228.5,237.1,6.1,23.6,157.2,344468,77719,237362,29387,54523,30495,781,3030,20217
Illinois,2012,12875255,552.2,1826.9,199.5,230,5.8,27.7,151.2,332013,71101,235222,25690,53403,29618,744,3570,19471
Illinois,2013,12882135,2274.3,452.1,1659.8,137.6,5.5,33.1,25.4,26283,292983,58237,213813,48974,17722,706,4263,3276
Illinois,2014,12880580,2075.9,388.2,1552.2,118.8,5.3,32.3,23.9,27520,267385,50008,199926,47663,15299,685,4159,3081
Illinois,2015,12859995,1988.6,361.1,1490.2,115.9,5.8,37.5,27.6,28879,255729,46443,191634,49354,14910,744,4821,3549
Illinois,2016,12801539,374.9,1518.6,155.5,250.5,8.2,38.3,139.3,262306,47989,194407,19910,55854,32065,1054,4908,17827
Illinois,2017,12802023,339.5,1508.8,163.1,250.4,7.8,43.4,137.2,257497,43459,193157,20881,56180,32060,997,5556,17567
Illinois,2018,12741080,306.7,1472.3,153.8,239.7,6.9,46,111.5,246264,39080,187591,19593,51490,30539,884,5859,14208
Illinois,2019,12671821,271.7,1426.6,148.2,254,6.6,48,98.4,233984,34433,180776,18775,51561,32187,832,6078,12464
Indiana,2005,6266019,698.3,2414,347,180,5.7,29.6,108.7,216778,43756,151278,21744,20302,11281,356,1856,6809
Indiana,2006,6313520,721.3,2386.2,342,173.5,5.7,28.7,113.6,217783,45538,150655,21590,20303,10956,361,1811,7175
Indiana,2007,6345289,732.6,2332.4,305.8,179.3,5.5,27.4,123.6,213887,46485,147999,19403,21310,11377,350,1738,7845
Indiana,2008,6376792,765.4,2310.5,274.4,186.8,5,26.8,118.9,213639,48805,147334,17500,21525,11912,322,1711,7580
Indiana,2009,6423113,761,2135.9,215.4,189.5,4.9,25.2,114.4,199907,48880,137190,13837,21455,12175,312,1621,7347
Indiana,2010,6490622,748.3,2113.9,208,191,4.1,27.1,101.1,199274,48570,137204,13500,20983,12396,268,1760,6559
Indiana,2011,6516353,776.1,2158.1,227.4,193,4.7,27,107.1,206016,50571,140630,14815,21619,12578,306,1758,6977
Indiana,2012,6537334,728.3,2092,209,214.6,4.7,25.5,100.9,198032,47612,136759,13661,22602,14027,310,1667,6598
Indiana,2013,6570902,2854,653,1984.9,108.2,5.4,32.6,25,13882,187536,42909,130423,23487,7108,355,2142,1646
Indiana,2014,6596855,2649.4,559.3,1880,104.5,5,33.1,24.5,14686,174776,36893,124022,24099,6897,330,2186,1615
Indiana,2015,6619680,2596,519.8,1872,107.4,5.6,36.3,27,15765,171847,34410,123918,25653,7111,373,2404,1789
Indiana,2016,6633053,514,1853.3,222.1,249.9,6.6,37.7,110.5,171759,34097,122931,14731,26845,16575,439,2501,7330
Indiana,2017,6666818,452.1,1733.8,231,254.6,6,39.4,99,161132,30140,115591,15401,26598,16976,397,2625,6600
Indiana,2018,6691878,377.6,1572.7,229.1,251.6,6.5,35.4,88.7,145838,25268,105242,15328,25581,16834,438,2370,5939
Indiana,2019,6732219,323.7,1443.4,203.8,249.3,5.6,36.8,79.2,132694,21795,97176,13723,24966,16783,377,2475,5331
Iowa,2005,2965524,611.9,2048,186,224.5,1.3,28.6,38.9,84370,18147,60723,5500,8697,6657,40,847,1153
Iowa,2006,2982085,609,2045.5,169.1,210.8,1.8,29.2,43.9,84202,18160,60998,5044,8521,6286,55,871,1309
Iowa,2007,2988046,574.8,1908.2,165.3,222,1.3,32.5,44.4,79133,17176,57018,4939,8970,6633,39,970,1328
Iowa,2008,3002555,552.8,1741.8,145.7,212.8,2.6,31.2,41.6,73273,16598,52299,4376,8651,6388,77,937,1249
Iowa,2009,3007856,545.9,1654.2,129.8,211.3,1.3,29.6,39.9,70080,16419,49757,3904,8485,6356,38,890,1201
Iowa,2010,3050202,549,1580,124.6,205.2,1.2,28.9,33.2,68740,16746,48194,3800,8191,6258,38,883,1012
Iowa,2011,3064097,573.5,1647.2,130.5,200.7,1.4,28.3,26.9,72043,17573,50472,3998,7883,6149,44,866,824
Iowa,2012,3074186,556.1,1584.8,130.9,202.8,1.5,28.3,31.3,69839,17096,48720,4023,8112,6234,45,871,962
Iowa,2013,3090416,2193.9,513.5,1543,30.4,1.4,35,24.5,6323,67800,15868,47686,8388,939,43,1083,757
Iowa,2014,3107126,2093.8,464.4,1495.8,33.6,1.9,36.3,26.6,6264,65056,14428,46477,8497,1045,60,1128,828
Iowa,2015,3123899,2047.3,476.7,1431.6,33.5,2.3,37,27.2,6661,63957,14892,44723,8936,1047,72,1156,851
Iowa,2016,3134693,479.5,1447.6,159,212,2.3,39.8,36.6,65391,15030,45378,4983,9110,6644,71,1247,1148
Iowa,2017,3145711,479.3,1468.6,177.4,211,3.3,39.2,39.8,66855,15078,46198,5579,9230,6639,104,1234,1253
Iowa,2018,3156145,352.6,1190.4,148.5,187.9,1.7,30.9,29.5,53385,11127,37571,4687,7893,5931,54,976,932
Iowa,2019,3155070,371.1,1199.6,163,200.4,1.9,36.9,27.4,54699,11710,37847,5142,8410,6323,60,1164,863
Kansas,2005,2748172,692.4,2774,340,280.4,3.7,40,65.3,104588,19028,76222,9338,10701,7707,101,1098,1795
Kansas,2006,2764075,726.7,2729.7,315.6,314,4.5,46.3,67.9,104260,20086,75450,8724,11960,8678,125,1279,1878
Kansas,2007,2775997,737.1,2662.1,309.8,335.6,3.8,46.4,72.8,102961,20461,73900,8600,12730,9315,106,1287,2022
Kansas,2008,2802134,701.3,2420.5,264.3,304.6,4,43.8,60,94882,19651,67826,7405,11554,8534,113,1226,1681
Kansas,2009,2818747,690.8,2323.7,211.4,296.9,4.4,41.8,63.4,90930,19473,65499,5958,11460,8370,125,1179,1786
Kansas,2010,2859143,675.6,2230.5,210.6,273.5,3.4,40.1,53.8,89109,19315,63774,6020,10602,7821,97,1146,1538
Kansas,2011,2870386,651.9,2203.8,232.9,262.3,3.9,39.1,50.4,88655,18712,63259,6684,10209,7528,111,1122,1448
Kansas,2012,2885905,650.3,2258,234.9,263.2,2.9,36.5,52,90710,18767,65165,6778,10232,7595,84,1053,1500
Kansas,2013,2893957,2946.8,600.4,2117,46.6,3.9,41.3,28.9,7181,85280,17375,61264,9838,1350,112,1195,835
Kansas,2014,2904021,2735.2,545,1952.4,46.9,3.1,48.6,37,7259,79431,15828,56697,10123,1362,91,1411,1075
Kansas,2015,2911641,2720.1,527.6,1953.5,62.4,4.4,55.5,43,7792,79199,15362,56880,11353,1818,128,1615,1251
Kansas,2016,2907289,494.1,1962.9,238.6,274,3.8,45.1,57.5,78367,14364,57066,6937,11060,7966,111,1312,1671
Kansas,2017,2913123,478.2,2053.3,269.3,290.3,5.5,55.9,61.3,81593,13931,59816,7846,12030,8458,160,1627,1785
Kansas,2018,2911505,430.6,1933.9,269.4,328.3,3.9,53.8,53,76686,12537,56305,7844,12782,9559,113,1567,1543
Kansas,2019,2913314,342.7,1721.9,249.9,314.2,3.6,48.6,44.4,67428,9984,50165,7279,11968,9154,105,1416,1293
Kentucky,2005,4172608,634.1,1686,211,139.8,4.6,34.1,88.4,105608,26458,70354,8796,11134,5833,190,1421,3690
Kentucky,2006,4206074,662.5,1716.5,222.6,143.3,4.1,31.2,91.5,109428,27867,72197,9364,11361,6026,173,1312,3850
Kentucky,2007,4241474,655.9,1685.5,204.6,157.7,4.9,32.2,95.9,107987,27820,71489,8678,12329,6690,206,1365,4068
Kentucky,2008,4269245,692.3,1810.1,179.4,162.8,4.7,34.1,95.6,114492,29556,77279,7657,12690,6952,201,1457,4080
Kentucky,2009,4314113,692.6,1690.7,141.3,130.8,4.3,35.5,84.4,108914,29880,72938,6096,11000,5643,184,1531,3642
Kentucky,2010,4347223,700.3,1713.5,143.5,120.3,4.3,33.1,86.2,111170,30443,74488,6239,10604,5230,188,1438,3748
Kentucky,2011,4366814,750,1822.5,153.5,117,3.5,34.3,84.8,119037,32750,79586,6701,10465,5110,151,1499,3705
Kentucky,2012,4380415,675.4,1725.2,152.2,108.4,4.5,29,80.7,111826,29587,75571,6668,9752,4750,195,1272,3535
Kentucky,2013,4395295,2362.9,596.4,1629.3,73.9,3.8,36.7,25.6,4198,103857,26213,71612,9222,3246,167,1611,1126
Kentucky,2014,4413457,2246.9,526.7,1577.1,75.6,3.6,32.6,20,4404,99166,23244,69604,9340,3336,160,1440,883
Kentucky,2015,4425092,2177.6,503,1498.7,74.7,4.7,33.7,22.5,4668,96362,22260,66320,9676,3307,209,1492,997
Kentucky,2016,4436974,469.6,1497.4,222.8,113.5,5.9,37,75.9,97158,20834,66438,9886,10308,5038,260,1641,3369
Kentucky,2017,4454189,453.4,1445.7,230,116.2,5.9,37.3,66.4,94833,20195,64394,10244,10056,5174,263,1661,2958
Kentucky,2018,4468402,384.7,1348.2,229.6,113.2,5.5,38.2,55,87695,17190,60244,10261,9467,5059,244,1707,2457
Kentucky,2019,4467673,345.7,1323.5,228.2,128.6,4.9,35.2,48.4,84769,15443,59130,10196,9701,5747,221,1572,2161
Louisiana,2005,4507331,873.7,2504,319,436.6,10,31.5,118.4,166611,39382,112840,14389,26889,19681,450,1421,5337
Louisiana,2006,4287768,1089.2,2626.2,365.4,533,12.9,37,138.3,174975,46703,112605,15667,30923,22853,555,1587,5928
Louisiana,2007,4293204,1093.2,2755.3,356.2,545.5,14.6,33.2,147.1,180516,46932,118291,15293,31789,23421,625,1427,6316
Louisiana,2008,4410796,1032.1,2541.3,307.5,489.2,12.3,28.3,141.5,171179,45524,112091,13564,29613,21578,544,1250,6241
Louisiana,2009,4492076,1044.7,2540.1,258,464.1,11.8,30.1,136.9,172619,46928,114102,11589,28878,20848,529,1351,6150
Louisiana,2010,4545343,999.6,2425.8,219.3,400.7,11,27.1,116.5,165667,45437,110260,9970,25241,18214,500,1230,5297
Louisiana,2011,4574766,1010.8,2473.9,199.2,401.6,11.1,27.6,114.4,168529,46242,113174,9113,25373,18370,506,1262,5235
Louisiana,2012,4601893,915.7,2453.7,171.3,342,10.8,25.2,119,162936,42140,112915,7881,22868,15740,495,1158,5475
Louisiana,2013,4625470,3582,890.4,2493.6,119.9,10.8,35,26.9,16319,165686,41184,115342,23984,5548,498,1619,1244
Louisiana,2014,4649676,3458.8,824.5,2421.6,122.5,10.3,29.6,21.3,16387,160824,38337,112596,23934,5695,477,1375,992
Louisiana,2015,4670724,3353.4,759,2385.8,118.8,10.3,36.9,27,17454,156629,35453,111435,25208,5550,481,1723,1260
Louisiana,2016,4681666,740.5,2336.3,220.8,396.4,11.8,38.8,119.1,154386,34667,109380,10339,26502,18556,554,1816,5576
Louisiana,2017,4684333,731.5,2401.3,234,390.3,12.4,39.9,114.4,157712,34265,112485,10962,26092,18285,582,1867,5358
Louisiana,2018,4659978,668.1,2360.4,247.6,383.4,11.4,44.7,98,152661,31132,109993,11536,25049,17866,530,2085,4568
Louisiana,2019,4648794,579,2352.4,230.5,402.1,11.7,48.9,86.6,146993,26918,109359,10716,25537,18695,544,2273,4025
Maine,2005,1318220,479.7,1837,102,61.8,1.4,24.7,24.5,31889,6323,24218,1348,1483,815,19,326,323
Maine,2006,1321574,518,1926.9,101.9,59.5,1.7,25.8,29,33658,6846,25465,1347,1533,786,23,341,383
Maine,2007,1317207,512.1,1839.3,96.9,61,1.5,29.8,26.5,32249,6745,24228,1276,1565,804,20,392,349
Maine,2008,1316456,498.2,1875.9,89.6,63,2.4,28.8,25.3,32433,6559,24695,1179,1572,829,31,379,333
Maine,2009,1318301,510.4,1817.1,77.5,59.2,2,28.4,30.3,31706,6729,23955,1022,1580,780,26,375,399
Maine,2010,1327379,554.8,1849.3,74.5,60,1.8,29.3,31,32900,7364,24547,989,1621,796,24,389,412
Maine,2011,1328544,592,1873.2,81.1,63.8,2,29.7,27.9,33829,7865,24886,1078,1638,848,26,394,370
Maine,2012,1329192,561.3,1873.7,74.9,61,1.9,28,31.8,33361,7461,24905,995,1631,811,25,372,423
Maine,2013,1328302,2292.2,488.1,1735.3,25.2,1.8,33.7,25.9,912,30447,6483,23050,1718,335,24,447,344
Maine,2014,1330089,1986.4,378.2,1548.2,22.9,1.6,36.5,27.1,890,26421,5030,20592,1700,304,21,485,360
Maine,2015,1329328,1830,352.4,1416.4,23.4,1.7,35.7,26.6,921,24327,4684,18829,1729,311,23,474,354
Maine,2016,1331479,300.6,1286.8,58.2,71.3,1.5,30.9,20,21912,4003,17134,775,1648,950,20,412,266
Maine,2017,1335907,249.6,1198.1,59.4,65.3,1.7,35.4,18.6,20133,3334,16006,793,1617,872,23,473,249
Maine,2018,1338404,202.7,1097.1,58.1,60,1.8,33.3,17,18173,2713,14683,777,1501,803,24,446,228
Maine,2019,1344212,174.8,1016.7,54,61.3,1.5,38.4,14,16743,2350,13667,726,1548,824,20,516,188
Maryland,2005,5589599,642.7,2299,610,414.6,9.9,22.6,257.2,198483,35922,128491,34070,39369,23173,552,1266,14378
Maryland,2006,5615727,667,2270.4,543.5,392,9.7,21,256,195484,37459,127502,30523,38111,22011,546,1178,14376
Maryland,2007,5618344,660.2,2265.9,505.4,375.1,9.9,21,236,192796,37095,127308,28393,36063,21072,554,1179,13258
Maryland,2008,5633597,689.6,2378.3,449.7,365.1,8.8,20,234.4,198165,38849,133983,25333,35393,20570,493,1127,13203
Maryland,2009,5699478,647.5,2206.7,344.2,351.3,7.7,20.3,210.7,182295,36905,125771,19619,33625,20022,440,1156,12007
Maryland,2010,5785681,634.4,2049.5,311.6,326.7,7.4,21.2,191.1,173309,36704,118578,18027,31607,18899,426,1228,11054
Maryland,2011,5839572,613.5,1968.5,275.2,289,6.8,20.5,177.1,166846,35823,114951,16072,28817,16876,399,1200,10342
Maryland,2012,5884563,573.2,1924.9,255.3,277.2,6.3,21,172.3,162031,33732,113274,15025,28055,16310,369,1235,10141
Maryland,2013,5928814,2663.5,538.9,1898.3,169.5,6.4,25.8,19.9,16128,157913,31949,112546,28089,10048,381,1532,1177
Maryland,2014,5976407,2507.5,468.7,1819.6,159.7,6.1,27.1,19.1,15133,149859,28012,108745,26661,9544,365,1619,1144
Maryland,2015,6006401,2315,427.5,1668.5,164.2,8.6,27.7,19.7,15417,139048,25678,100219,27462,9863,516,1666,1184
Maryland,2016,6016447,410.4,1677.4,196.7,263.8,8,29.2,171,137445,24692,100919,11834,28400,15874,481,1756,10289
Maryland,2017,6052177,388.4,1609.7,224.2,278.2,9,27.9,185.1,134496,23508,97420,13568,30273,16836,546,1691,11200
Maryland,2018,6042718,312.6,1519.8,200.9,267,8.1,32.8,160.8,122864,18892,91835,12137,28320,16135,490,1979,9716
Maryland,2019,6045680,278.9,1485,186.2,261.3,9,31.6,152.2,117901,16862,89780,11259,27456,15798,542,1913,9203
Massachusetts,2005,6433367,539.8,1524,294,309,2.8,27.2,121.8,151727,34728,98079,18920,29644,19878,178,1751,7837
Massachusetts,2006,6437193,547.5,1564.7,279.2,344.5,2.9,27.5,125.5,153943,35243,100725,17975,32217,22178,188,1771,8080
Massachusetts,2007,6449755,554.5,1611.3,233.4,304.4,2.9,25.5,108.9,154743,35767,103925,15051,28487,19636,187,1643,7021
Massachusetts,2008,6497967,557.9,1645.3,196.3,325.4,2.6,26.9,108.9,155919,36251,106913,12755,30137,21143,166,1751,7077
Massachusetts,2009,6593587,523.5,1619.7,179.9,320.4,2.6,26.3,113.2,153178,34515,106799,11864,30503,21129,173,1734,7467
Massachusetts,2010,6555466,578.2,1603.6,175,333.2,3.3,27.2,105.2,154496,37903,105124,11469,30737,21842,214,1784,6897
Massachusetts,2011,6607003,551,1538.4,163.2,297,2.8,25,102.4,148829,36403,101644,10782,28232,19626,184,1654,6768
Massachusetts,2012,6646144,519.7,1494.4,138.9,280.4,1.8,24.7,98.6,143089,34540,99317,9232,26953,18638,121,1642,6552
Massachusetts,2013,6692824,2051.2,459.2,1455.7,100.2,2,40.6,31.2,18106,137285,30735,97428,27667,6706,137,2718,2089
Massachusetts,2014,6745408,1857.1,370.1,1364.5,89.5,2,32.3,24.1,18051,125267,24964,92043,26399,6036,132,2180,1629
Massachusetts,2015,6794422,1690.7,322.2,1249.7,77.8,1.9,30.5,23.7,19071,114871,21890,84912,26562,5288,128,2075,1608
Massachusetts,2016,6811779,281.8,1161,118.3,265,2,31.2,78.8,106339,19193,79088,8058,25677,18050,134,2128,5365
Massachusetts,2017,6859819,249.1,1078,109.9,252.5,2.5,32,71,98575,17089,73946,7540,24560,17319,173,2197,4871
Massachusetts,2018,6902149,200.8,966.8,95.7,241.2,2,34.9,60,87196,13862,66728,6606,23337,16648,136,2410,4143
Massachusetts,2019,6892503,179,911.8,89,241,2.2,32,52.4,81317,12341,62844,6132,22578,16609,152,2204,3613
Michigan,2005,10100833,698.2,1922,478,363.9,6.2,51.5,132.1,312892,70527,194090,48275,55936,36760,629,5199,13348
Michigan,2006,10095643,755.9,1973,496.2,363.4,7.1,53,140.9,325594,76313,199183,50098,56981,36684,721,5347,14229
Michigan,2007,10071822,747.4,1899.2,416.9,349,6.6,45.6,132.7,308550,75273,191289,41988,53765,35147,661,4592,13365
Michigan,2008,10003422,747.6,1844.9,357.4,331.9,5.5,45.1,132.4,295100,74787,184558,35755,51512,33205,554,4507,13246
Michigan,2009,9969727,762.8,1791.7,294.3,323.5,6.2,45.4,124.6,284019,76046,178628,29345,49825,32251,623,4524,12427
Michigan,2010,9877143,752.7,1718.6,277.5,322.5,5.9,47.9,116.7,271501,74345,169748,27408,48693,31858,580,4733,11522
Michigan,2011,9876801,706.3,1586.2,252.2,288.6,6.2,44,103.9,251329,69755,156666,24908,43731,28507,617,4344,10263
Michigan,2012,9883360,664.4,1612,254.1,295.5,7,46.4,105.6,250101,65665,159321,25115,44922,29210,689,4589,10434
Michigan,2013,9895622,2327.6,569.4,1510,102.1,6.4,66.6,46.5,27194,230334,56344,149423,44523,10105,631,6593,4606
Michigan,2014,9909877,2043.9,445.9,1384.5,80.9,5.4,63.3,40.9,27519,202547,44184,137206,42348,8021,535,6273,4049
Michigan,2015,9922576,1885.6,403.5,1323.2,78.6,5.8,65,42,26414,187101,40041,131296,41231,7796,571,6450,4163
Michigan,2016,9928300,398.5,1308.1,203.2,309.5,6,71.8,71.7,189620,39568,129876,20176,45572,30729,598,7125,7120
Michigan,2017,9962311,357.8,1245.7,196.5,308.5,5.7,70.6,65.1,179318,35641,124104,19573,44826,30738,569,7031,6488
Michigan,2018,9995915,316.6,1162.3,174.6,310.3,5.5,76.9,56.6,165280,31651,116178,17451,44918,31021,551,7690,5656
Michigan,2019,9986857,286.1,1121.3,177.7,305.9,5.6,72.4,53.6,158296,28572,111980,17744,43686,30545,556,7235,5350
Minnesota,2005,5126739,579.6,2230,279,158.9,2.2,44,92.1,158301,29716,114304,14281,15243,8146,115,2258,4724
Minnesota,2006,5167101,586.5,2239,257,170.9,2.4,31.8,105.3,159276,30306,115693,13277,16042,8830,126,1645,5441
Minnesota,2007,5197621,571.7,2229.7,243.3,159.6,2.2,36,91.8,158257,29717,115892,12648,15054,8295,116,1873,4770
Minnesota,2008,5220393,508.7,2160.1,195.3,148.6,2.1,34.6,80.1,149517,26558,112764,10195,13853,7759,110,1805,4179
Minnesota,2009,5266214,485.7,1996.9,162.3,140.4,1.4,34,68.7,139286,25580,105160,8546,12874,7392,74,1789,3619
Minnesota,2010,5310658,459.7,1947.6,161.7,136.2,1.8,33.9,63.8,136431,24415,103429,8587,12515,7233,96,1798,3388
Minnesota,2011,5347299,480.3,1914.1,152.4,126.2,1.4,39.5,63.3,136183,25681,102354,8148,12323,6750,75,2113,3385
Minnesota,2012,5379139,471.8,1939.3,157.2,134,1.8,30.5,64.6,138152,25378,104316,8458,12419,7207,99,1638,3475
Minnesota,2013,5420380,2420.4,419,1854.4,67.8,2.1,37,25.9,6909,131195,22713,100516,12705,3674,114,2008,1403
Minnesota,2014,5457173,2297.5,380.7,1763.5,67.6,1.6,36.7,26.6,6729,125377,20773,96237,12505,3687,88,2001,1452
Minnesota,2015,5489594,2222.1,351.6,1725.2,68.7,2.4,42.3,30.7,7094,121984,19299,94704,13319,3771,133,2321,1686
Minnesota,2016,5519952,337.1,1638.1,158.1,130.7,1.8,42.5,67.5,117756,18606,90422,8728,13394,7217,101,2348,3728
Minnesota,2017,5576606,336.9,1675.7,178.9,128.6,2,42.8,64.9,122212,18787,93446,9979,13291,7172,113,2385,3621
Minnesota,2018,5611179,288.4,1524.8,180.5,122.2,1.9,43.9,52.5,111874,16185,85561,10128,12369,6857,106,2462,2944
Minnesota,2019,5639632,282.4,1597.5,198.9,135.1,2.1,43.4,55.8,117236,15927,90092,11217,13332,7618,117,2448,3149
Mississippi,2005,2908496,923.7,2093,258,150.1,7.4,39.4,82.7,95231,26866,60873,7492,8131,4365,214,1147,2405
Mississippi,2006,2910540,931.7,1972.3,286.2,156.2,7.9,35.7,112,92853,27117,57406,8330,9076,4547,231,1039,3259
Mississippi,2007,2918785,932.7,1934.8,246.4,149.8,6.9,35.4,99.2,90887,27223,56473,7191,8502,4371,202,1033,2896
Mississippi,2008,2938618,868,1828.4,212.8,158.9,8,32.6,104.8,85488,25506,53730,6252,8942,4669,236,958,3079
Mississippi,2009,2951996,1001.3,1772.7,184.2,145.6,6.6,33.6,100.6,87327,29559,52329,5439,8451,4297,194,991,2969
Mississippi,2010,2970072,1025.3,1777.2,180.4,137.6,6.9,31.3,93.5,88596,30453,52784,5359,7999,4087,204,931,2777
Mississippi,2011,2977457,1031.8,1819.6,164.8,148.4,7.8,29,83.8,89809,30722,54179,4908,8009,4418,232,863,2496
Mississippi,2012,2984926,940.6,1725.6,144.8,149.4,7.4,27.5,76.5,83906,28076,51508,4322,7786,4460,220,822,2284
Mississippi,2013,2991207,2724.7,835.6,1742.3,80.5,6.5,31.1,23.9,4680,81500,24995,52117,8214,2409,195,930,715
Mississippi,2014,2994079,2921.2,813.3,1956.9,81.2,8.6,35.3,25.5,4592,87462,24352,58591,8338,2430,258,1058,764
Mississippi,2015,2992333,2833.6,828.8,1863,76.7,8.7,40.2,28.8,4498,84790,24799,55748,8254,2294,259,1203,862
Mississippi,2016,2988726,781.4,1842.1,144.7,149.6,8,42.7,80.2,82732,23354,55054,4324,8383,4471,238,1277,2397
Mississippi,2017,2984100,828.1,1750.6,155.2,171.5,8.2,36.6,69.4,81581,24710,52240,4631,8526,5119,245,1091,2071
Mississippi,2018,2986530,697.8,1561.2,144,157.2,5.7,18,53.4,71766,20839,46627,4300,6999,4696,171,537,1595
Mississippi,2019,2976149,627,1555.7,193.1,184.6,11.2,25.1,57.1,70707,18660,46300,5747,8272,5493,332,747,1700
Missouri,2005,5797703,738.6,2747,443,366.6,6.9,28,124.1,227809,42822,159288,25699,30477,21254,402,1625,7196
Missouri,2006,5842713,765.6,2633.6,434.7,379.4,6.3,30.2,130,224007,44734,153874,25399,31897,22167,369,1764,7597
Missouri,2007,5878415,763.8,2659.2,406.5,392.7,6.2,30.4,131.5,225113,44897,156319,23897,32962,23082,367,1785,7728
Missouri,2008,5911605,774.1,2537.4,351.1,342.3,7.7,27.3,125.1,216522,45763,150002,20757,29701,20238,456,1612,7395
Missouri,2009,5987580,728,2350.9,291.1,335.4,6.5,26.8,124.2,201783,43591,140764,17428,29513,20083,387,1606,7437
Missouri,2010,5995715,737.1,2343.8,269.1,323.4,7,24.1,103.2,200858,44197,140526,16135,27440,19390,420,1445,6185
Missouri,2011,6008984,746.8,2311.2,255.1,312.5,6.1,24.4,104.4,199085,44875,138879,15331,26888,18778,366,1469,6275
Missouri,2012,6021988,705.2,2338.4,270.8,323.4,6.5,25.1,96,199590,42466,140816,16308,27155,19473,389,1511,5782
Missouri,2013,6044171,3137,643,2223.9,90.7,6.1,37.8,26.5,18055,189606,38865,134416,26197,5484,371,2287,1599
Missouri,2014,6063589,2906.5,581.5,2055.3,92.2,6.6,39.2,28.1,18482,176237,35258,124622,26856,5592,403,2379,1706
Missouri,2015,6083672,2854.2,559,2015.8,104.8,8.3,42,30.5,20830,173642,34006,122637,30261,6376,502,2553,1854
Missouri,2016,6093000,520.4,1978.4,300.3,360.8,8.8,41.9,107.8,170549,31710,120544,18295,31644,21983,537,2554,6570
Missouri,2017,6113532,492,2016,325.9,372,9.8,44.6,103.9,173253,30081,123251,19921,32420,22740,600,2729,6351
Missouri,2018,6126452,444.9,1878.8,323.4,359.8,9.9,47.5,84.8,162173,27257,115101,19815,30758,22042,607,2912,5197
Missouri,2019,6137428,430.4,1865,343.3,357.4,9.3,47.5,80.8,161946,26414,114460,21072,30380,21936,568,2917,4959
Montana,2005,934737,389.6,2546,211,228.7,1.9,32.2,18.9,29407,3642,23794,1971,2634,2138,18,301,177
Montana,2006,944632,357.8,2292.9,206.1,312.3,3.5,36.8,24.7,26986,3380,21659,1947,3564,2950,33,348,233
Montana,2007,957861,362.9,2329.7,213.6,314.8,2.8,37.9,24.3,27837,3476,22315,2046,3638,3015,27,363,233
Montana,2008,967440,381.3,2153.5,183.7,249.2,4.1,37,21.1,26300,3689,20834,1777,3013,2411,40,358,204
Montana,2009,974989,378.1,2002.9,165.3,223.7,3.3,36.6,23.4,24826,3686,19528,1612,2798,2181,32,357,228
Montana,2010,990958,372.6,2035,156.5,224.2,2.5,33.5,15.5,25409,3692,20166,1551,2733,2222,25,332,154
Montana,2011,997667,335.5,1913.4,145.2,219.4,2.9,36.7,17.1,23885,3347,19089,1449,2755,2189,29,366,171
Montana,2012,1005141,387.4,2028.3,168,212.8,2.7,37.7,19,25970,3894,20387,1689,2736,2139,27,379,191
Montana,2013,1015165,2556.5,400.3,1974,20.1,2.2,40.4,28.3,1931,25953,4064,20039,2567,204,22,410,287
Montana,2014,1023579,2472.9,351.2,1922.1,19.8,3.6,52.9,42,2532,25312,3595,19674,3313,203,37,541,430
Montana,2015,1032949,2623.6,371.6,2017.9,20.3,3.5,53,41.7,2818,27100,3838,20844,3611,210,36,547,431
Montana,2016,1042520,377.4,2043,263.1,283.9,3.5,55.4,25.5,27976,3934,21299,2743,3840,2960,36,578,266
Montana,2017,1050493,344.1,2000.8,246.7,286.7,3.9,58.4,28.1,27225,3615,21018,2592,3961,3012,41,613,295
Montana,2018,1062305,306.6,1926.5,263.2,293.7,3.2,51.9,25.3,26518,3257,20465,2796,3974,3120,34,551,269
Montana,2019,1068778,270.1,1700.6,222.4,324.9,2.5,58.4,19.2,23440,2887,18176,2377,4328,3472,27,624,205
Nebraska,2005,1758163,535.1,2580,317,192.6,2.5,33,59.2,60348,9408,45359,5581,5052,3387,44,581,1040
Nebraska,2006,1768331,539.2,2528.4,292.1,194.1,2.9,32.6,64.2,59411,9535,44710,5166,5197,3433,51,577,1136
Nebraska,2007,1774571,509.1,2337.7,295.6,213.5,4,31,62.8,55765,9035,41484,5246,5524,3788,71,550,1115
Nebraska,2008,1783432,489.6,2152.8,236.9,202,3.9,33.7,72.7,51350,8731,38394,4225,5570,3603,69,601,1297
Nebraska,2009,1796619,485.7,2087,195.3,184.8,2.3,34.3,67.9,49731,8726,37496,3509,5199,3321,41,617,1220
Nebraska,2010,1830141,454.5,2016,197.4,182.8,3,36.8,55.7,48827,8318,36896,3613,5093,3345,54,674,1020
Nebraska,2011,1842234,473.6,2066,223,158.1,3.7,37.9,53.9,50894,8725,38060,4109,4672,2912,68,699,993
Nebraska,2012,1855525,470.8,2060.7,223.5,157.4,2.9,38.3,60.9,51118,8735,38236,4147,4814,2920,53,711,1130
Nebraska,2013,1868516,2623.4,476.3,1908.2,55.7,3.1,42.9,33,2999,49018,8900,35655,4897,1040,57,801,616
Nebraska,2014,1881503,2523.5,422.5,1864.1,55.4,2.9,45.8,33,3316,47479,7950,35074,5275,1043,54,862,620
Nebraska,2015,1896190,2241.1,338.7,1691.4,52.4,3.3,46,34.4,3283,42495,6422,32072,5212,994,62,873,652
Nebraska,2016,1907116,337.9,1677.6,247.8,186.7,2.6,52.1,49.6,43163,6444,31994,4725,5550,3561,49,994,946
Nebraska,2017,1920076,337.1,1666,271,191.2,2.2,62,50.4,43663,6472,31988,5203,5873,3671,43,1191,968
Nebraska,2018,1929268,271.9,1555.3,252.6,179.4,2.3,63.9,39.2,40126,5246,30006,4874,5494,3461,44,1233,756
Nebraska,2019,1934408,245.3,1536.3,257.7,192.9,2.3,64.8,40.9,39449,4745,29719,4985,5821,3731,45,1253,792
Nevada,2005,2412301,973.4,2156,1116,361.9,8.5,42.1,194.9,102424,23481,52012,26931,14654,8730,206,1016,4702
Nevada,2006,2495529,997.9,2020.8,1082.2,414,9.1,43.8,282,102338,24902,50429,27007,18687,10331,226,1092,7038
Nevada,2007,2565382,971,1942.9,871.7,434.2,7.5,42.7,270.4,97118,24911,49844,22363,19365,11138,193,1096,6938
Nevada,2008,2600167,932.8,1915.8,613,431.4,6.3,42.5,249.4,90006,24254,49814,15938,18973,11216,165,1106,6486
Nevada,2009,2643085,836.7,1757.9,469.1,432.5,5.9,38.7,228.1,80976,22115,46463,12398,18639,11431,156,1024,6028
Nevada,2010,2704283,824.1,1572.8,376.6,425.5,5.8,35.7,195.9,75004,22286,42533,10185,17929,11508,158,965,5298
Nevada,2011,2720028,747.9,1476.3,352.1,371,5.1,33.6,158.4,70075,20342,40156,9577,15452,10092,139,913,4308
Nevada,2012,2758931,801.8,1644.6,363.1,391.1,4.5,33.7,178.3,77510,22120,45372,10018,16763,10790,124,931,4918
Nevada,2013,2790136,2837.7,826,1653.4,185.8,5.8,50.8,39.1,10060,79177,23047,46132,16824,5183,163,1418,1090
Nevada,2014,2839099,2625.4,772.3,1494.3,209.7,6,47.8,35,10564,74538,21927,42426,18045,5954,170,1357,995
Nevada,2015,2890845,2668.3,773.5,1502.2,217.5,6.2,58.4,42.8,11965,77137,22360,43426,20118,6287,178,1688,1238
Nevada,2016,2940058,641.1,1497.1,448.3,395.9,7.6,58.9,215.6,76047,18850,44017,13180,19936,11639,224,1733,6340
Nevada,2017,2998039,668.7,1516.4,427.3,322.3,9.1,63,161.5,78322,20049,45461,12812,16667,9662,274,1890,4841
Nevada,2018,3034392,584.7,1461.2,392.3,330.4,6.7,76.8,127.3,73985,17743,44338,11904,16420,10027,202,2329,3862
Nevada,2019,3080156,503.5,1453,365.6,312.3,4.6,70.2,106.7,71525,15510,44755,11260,15210,9620,143,2161,3286
New Hampshire,2005,1306819,320.8,1415,103,74.3,1.5,31.1,27.9,24031,4192,18493,1346,1761,971,19,406,365
New Hampshire,2006,1314895,334.2,1534.6,113,79.2,1,22.4,33.1,26060,4395,20179,1486,1785,1042,13,295,435
New Hampshire,2007,1315828,385.6,1513,107.2,81.8,0.9,27.1,34.3,26394,5074,19909,1411,1896,1076,12,357,451
New Hampshire,2008,1315809,324.2,1726.2,106.9,93.8,1.1,29.3,32,28387,4266,22714,1407,2054,1234,14,385,421
New Hampshire,2009,1324575,371.1,1717.4,85.1,95.2,0.8,30.1,34.3,28790,4915,22748,1127,2125,1261,11,399,454
New Hampshire,2010,1316807,413.4,1730.6,75.7,101,1,31.2,34.2,29230,5444,22789,997,2204,1330,13,411,450
New Hampshire,2011,1317807,473.8,1927.3,84.5,133.4,1.2,44.1,38.6,32756,6244,25398,1114,2864,1758,16,581,509
New Hampshire,2012,1320718,412.2,1834.3,77.5,117,1.1,34,35.7,30693,5444,24226,1023,2481,1545,15,449,472
New Hampshire,2013,1323459,2194.3,373,1750.3,49,1.7,51.8,36.2,1492,29040,4936,23164,2849,649,22,686,479
New Hampshire,2014,1326813,1962.7,313.7,1584.4,40.5,0.9,44.8,34.5,1459,26041,4162,21022,2602,537,12,594,458
New Hampshire,2015,1330608,1745.7,260.6,1418.2,35.2,1.1,47.1,34.6,1543,23229,3467,18871,2652,468,14,627,461
New Hampshire,2016,1334795,222,1225.7,65.3,120.7,1.3,43.6,32,20194,2963,16360,871,2637,1611,17,582,427
New Hampshire,2017,1342795,191.7,1122,68.1,117.1,1,49.4,31.2,18555,2574,15066,915,2668,1572,14,663,419
New Hampshire,2018,1356458,136.2,1048.2,64.1,105.8,1.5,39.4,26.5,16935,1847,14219,869,2349,1435,21,534,359
New Hampshire,2019,1359711,126.3,1017.3,65.7,83.7,2.4,43.4,23,16442,1717,13832,893,2074,1138,33,590,313
New Jersey,2005,8703150,447.9,1571,318,184.7,4.8,13.9,151.8,203391,38980,136728,27683,30919,16079,417,1208,13215
New Jersey,2006,8724560,451.4,1543.8,283.7,178.4,4.9,13.8,153.1,198820,39384,134687,24749,30550,15562,427,1201,13360
New Jersey,2007,8685920,428.7,1532.9,252.8,167.7,4.4,11.9,144.7,192338,37234,133145,21959,28544,14564,381,1032,12567
New Jersey,2008,8682661,465.3,1595.7,232.4,163,4.3,12.9,146.3,199127,40402,138545,20180,28351,14152,376,1122,12701
New Jersey,2009,8707739,424.3,1473.4,178,162.1,3.7,12,133.7,180752,36945,128303,15504,27113,14114,319,1041,11639
New Jersey,2010,8799593,440.2,1463.2,176.8,157.8,4.2,11.1,134.3,183042,38732,128754,15556,27055,13885,371,981,11818
New Jersey,2011,8834773,489.4,1460.9,197.1,154,4.3,11.4,138.2,189719,43238,129066,17415,27203,13608,380,1006,12209
New Jersey,2012,8864590,477.6,1383.7,185.9,145.7,4.4,11.7,128.4,181481,42338,122662,16481,25727,12919,388,1035,11385
New Jersey,2013,8899339,1882.8,403.1,1325.2,135.8,4.5,12.6,9.7,12071,167556,35873,117936,25674,12082,401,1120,861
New Jersey,2014,8938175,1734.1,354.8,1248.3,117.5,3.9,14.3,10.7,11225,154993,31710,111578,23346,10498,349,1274,953
New Jersey,2015,8958013,1626.5,312.1,1182.9,108.6,4.1,15.3,11.4,11414,145701,27960,105963,22879,9729,363,1373,1019
New Jersey,2016,8944469,282.7,1135.2,126.6,124.2,4.2,16.2,100.4,138152,25284,101540,11328,21914,11105,372,1453,8984
New Jersey,2017,9005644,265.3,1155.1,135.1,120.8,3.6,16.7,87.7,140086,23891,104025,12170,20604,10880,324,1505,7895
New Jersey,2018,8908520,215.9,1065.1,123.9,117.4,3.2,16,71.4,125156,19232,94887,11037,18537,10463,286,1424,6364
New Jersey,2019,8882190,184.6,1034.7,116.4,122.2,2.9,17.2,64.5,118637,16399,91902,10336,18375,10852,262,1531,5730
New Mexico,2005,1925985,1087.2,2633,412,486.5,7.5,54.1,98.3,79575,20939,50707,7929,12448,9370,144,1041,1893
New Mexico,2006,1954599,1069.6,2346.5,472.2,485.8,6.9,54.9,107.2,76000,20906,45864,9230,12797,9495,134,1073,2095
New Mexico,2007,1969915,1057.1,2306.8,451.9,496.3,9.3,52.2,117.9,75168,20823,45442,8903,13311,9777,183,1028,2323
New Mexico,2008,1984356,1043.5,2368.3,404,480.6,8.1,56.3,108.4,75718,20706,46995,8017,12967,9537,161,1118,2151
New Mexico,2009,2009671,1092.5,2298,323.5,473.2,9.9,53.2,96.1,74639,21955,46182,6502,12709,9510,198,1069,1932
New Mexico,2010,2065913,1017.6,2154.2,254.1,456.6,6.8,46.4,78.2,70776,21023,44503,5250,12147,9432,140,959,1616
New Mexico,2011,2078674,1030.4,2248.1,259.8,441.1,7.6,41.2,82.7,73549,21419,46730,5400,11904,9170,158,856,1720
New Mexico,2012,2085538,1025.3,2313.4,261.9,419.1,5.6,45.9,88.6,75094,21384,48247,5463,11660,8740,116,957,1847
New Mexico,2013,2085287,3704.8,1029.9,2391.8,86.8,6,70.3,54,9382,77256,21476,49875,12782,1810,125,1465,1126
New Mexico,2014,2085572,3542.3,887.3,2353.4,100,4.8,70.7,51.4,8797,73877,18505,49082,12459,2086,101,1475,1071
New Mexico,2015,2085109,3697.4,819.4,2469.1,119.2,5.6,80.2,58.3,9407,77094,17085,51483,13681,2485,117,1672,1215
New Mexico,2016,2081015,830.4,2542.4,564.3,491,6.7,73.3,131.5,81931,17281,52907,11743,14619,10217,139,1526,2737
New Mexico,2017,2088070,858.1,2519.9,563.8,537.8,7.1,60.3,178.3,82306,17917,52617,11772,16359,11230,148,1259,3722
New Mexico,2018,2095428,767.8,2166.1,485.8,648.9,8,64.6,135.1,71657,16088,45390,10179,17949,13598,167,1354,2830
New Mexico,2019,2096829,696.8,1988.8,427.2,650.5,8.6,61.4,111.6,65269,14610,41702,8957,17450,13640,181,1288,2341
New York,2005,19315721,352.2,1565,185,238.9,4.5,18.8,182.1,405990,68034,302220,35736,85839,46150,874,3636,35179
New York,2006,19306183,355.4,1542.7,166.4,235.5,4.8,16.4,178.5,398577,68617,297827,32133,84016,45467,922,3168,34459
New York,2007,19297729,336.4,1506.3,145.2,233.9,4.2,15.2,161.1,383624,64914,290681,28029,79962,45144,805,2928,31085
New York,2008,19490297,336.3,1528.8,128.7,216.1,4.3,14.4,163.1,388599,65544,297962,25093,77546,42125,836,2798,31787
New York,2009,19541453,321.2,1498.8,111.9,223.1,4,13.2,144,377537,62769,292897,21871,75110,43606,781,2582,28141
New York,2010,19395206,339.5,1511.9,106.4,227.9,4.5,14.4,147.6,379710,65839,293232,20639,76492,44197,868,2797,28630
New York,2011,19501616,334.5,1473.5,98.7,233.5,3.9,14.1,145.7,371837,65227,287361,19249,77463,45538,769,2751,28405
New York,2012,19570261,329.9,1503.5,88.6,242.3,3.5,14.6,146.4,376140,64553,294239,17348,79610,47423,684,2848,28655
New York,2013,19651127,1824.8,287.2,1458.8,138.6,3.3,17.1,13.1,46130,358598,56442,286674,77372,27241,648,3353,2577
New York,2014,19746227,1718.2,257.2,1381.4,121.8,3.1,27.5,19.8,45303,339282,50781,272765,75398,24045,617,5433,3918
New York,2015,19795791,1604,223.7,1303,120.9,3.1,30.7,22.2,44546,317529,44276,257940,75165,23936,609,6074,4389
New York,2016,19745289,201.7,1271,72.9,228.3,3.2,31.7,113,305181,39821,250968,14392,74285,45079,630,6260,22316
New York,2017,19849399,176.3,1270.3,67.6,220.8,2.8,31.9,101.3,300555,35002,252143,13410,70799,43819,548,6324,20108
New York,2018,19542209,159.3,1214,67.2,220.9,2.9,33.6,93.1,281507,31137,237233,13137,68495,43171,562,6575,18187
New York,2019,19453561,141.9,1166.1,65.3,229,2.9,33.8,92.9,267155,27600,226851,12704,69764,44555,558,6583,18068
North Carolina,2005,8672459,1202.6,2549,328,289.7,6.7,26.5,145.7,353855,104298,221091,28466,40650,25128,585,2302,12635
North Carolina,2006,8856505,1211.9,2564.4,339.9,288.9,6.1,28.2,152.1,364549,107333,227114,30102,42088,25586,539,2495,13468
North Carolina,2007,9061032,1199.6,2574.1,308.5,283.9,6.4,26.3,149.4,369893,108700,233241,27952,42231,25727,584,2386,13534
North Carolina,2008,9222414,1209.6,2542.5,289.8,280.9,6.5,24.9,155.3,372763,111556,234480,26727,43125,25907,599,2296,14323
North Carolina,2009,9380884,1149.5,2301.7,212.7,248.7,5.2,24.6,126.1,343707,107830,215923,19954,37946,23326,489,2306,11825
North Carolina,2010,9560234,1075.6,2176.3,191.6,236.2,5,20.9,100.6,329202,102826,208057,18319,34679,22583,474,2002,9620
North Carolina,2011,9651103,1093.5,2232.4,174.3,222.9,5.2,20.3,97.9,337806,105534,215453,16819,33421,21516,498,1959,9448
North Carolina,2012,9752073,1018.5,2185.7,165.3,231.8,4.9,20.3,96.3,328594,99323,213151,16120,34464,22609,479,1984,9392
North Carolina,2013,9848060,3128,921,2058.7,94.9,4.8,24.1,18.5,21513,308049,90702,202741,33700,9349,469,2369,1821
North Carolina,2014,9943964,2873.1,798.2,1937.8,84.6,5.1,24.3,17.5,21421,285697,79373,192694,32767,8416,510,2420,1740
North Carolina,2015,10042802,2750.1,745.2,1871.1,87.9,5.1,26.7,19.3,22826,276183,74841,187907,34852,8825,517,2684,1939
North Carolina,2016,10146788,710.4,1876.2,150.8,245.5,6.7,28.1,92,277765,72082,190377,15306,37769,24906,678,2849,9336
North Carolina,2017,10273419,630.6,1760.9,153.8,240.5,5.8,26.4,91,261486,64786,180902,15798,37364,24708,591,2715,9350
North Carolina,2018,10383620,599.9,1724.4,169.8,265.1,6,25.4,81.1,258979,62290,179057,17632,39210,27526,628,2633,8423
North Carolina,2019,10488084,519.1,1666,172.2,262.4,6,31,72.5,247236,54447,174728,18061,38995,27517,632,3247,7599
North Dakota,2005,634605,321.9,1534,169,72.5,1.9,28.4,8.5,12848,2043,9732,1073,706,460,12,180,54
North Dakota,2006,635867,409,1521.1,170.8,145.5,2.2,37.9,11.8,13359,2601,9672,1086,1255,925,14,241,75
North Dakota,2007,639715,361.7,1485,153.5,156.2,2.7,39.4,11.7,12796,2314,9500,982,1343,999,17,252,75
North Dakota,2008,641481,364.2,1524.9,142,159.9,1.7,51.6,11.4,13029,2336,9782,911,1441,1026,11,331,73
North Dakota,2009,646844,375.1,1464.6,141.1,202.2,1.9,45.8,16.5,12813,2426,9474,913,1723,1308,12,296,107
North Dakota,2010,674629,296.5,1354.4,129.4,178.3,1.5,36.3,13.3,12010,2000,9137,873,1548,1203,10,245,90
North Dakota,2011,684740,359,1444.5,143.9,192.5,3.5,38.8,13.3,13334,2458,9891,985,1699,1318,24,266,91
North Dakota,2012,699628,339.8,1505.8,164.5,183.1,4,38.9,18.7,14063,2377,10535,1151,1712,1281,28,272,131
North Dakota,2013,723393,2094,405.6,1492.7,22.4,2.2,45.6,31.8,1446,15148,2934,10798,1954,162,16,330,230
North Dakota,2014,739482,2110.3,366.1,1539.5,23.4,3,48.4,37.3,1407,15605,2707,11384,1960,173,22,358,276
North Dakota,2015,756927,2116.5,395.9,1511.4,19.6,2.8,45.6,36.5,1298,16020,2997,11440,1812,148,21,345,276
North Dakota,2016,757952,427.9,1608.9,259.1,180.1,2,45.1,23.9,17402,3243,12195,1964,1903,1365,15,342,181
North Dakota,2017,755393,389.5,1573.6,234.7,202.9,1.3,52.8,24.2,16602,2942,11887,1773,2125,1533,10,399,183
North Dakota,2018,760077,358.4,1448.3,233.5,205.2,2.4,52.2,20.8,15507,2724,11008,1775,2133,1560,18,397,158
North Dakota,2019,762062,342.2,1399.6,235.2,200.6,3.1,57.3,23.5,15066,2608,10666,1792,2169,1529,24,437,179
Ohio,2005,11470685,873.4,2433,362,141.5,5.1,40.7,162.8,420705,100183,279051,41471,40162,16228,590,4671,18673
Ohio,2006,11478006,920.4,2437,330.9,145.9,4.9,41.6,169.2,423334,105639,279718,37977,41491,16743,560,4770,19418
Ohio,2007,11466917,863.8,2308.2,296.1,150.2,4.6,40.6,160,397681,99049,264677,33955,40759,17218,529,4661,18351
Ohio,2008,11485910,891.8,2270.5,247.7,145,4.8,39.4,162.9,391667,102428,260788,28451,40436,16652,547,4531,18706
Ohio,2009,11542645,901.1,2163.9,196.3,138.5,4.6,35.7,153.1,376446,104009,249777,22660,38305,15989,527,4119,17670
Ohio,2010,11537968,928.5,2154.5,183.1,135.3,4.2,32.3,142.9,376836,107125,248581,21130,36306,15611,479,3730,16486
Ohio,2011,11541007,978.3,2138,181.3,130.4,4.3,31.9,138.6,380572,112901,246744,20927,35218,15048,500,3679,15991
Ohio,2012,11544225,895.9,2052.5,169,131.7,4.3,31.7,132,359883,103421,236950,19512,34595,15207,495,3658,15235
Ohio,2013,11570808,2927.5,790.2,1968.5,124.2,3.9,34.9,24.4,14257,338731,91433,227766,33121,14368,455,4041,2824
Ohio,2014,11594163,2799.1,680,1963.6,110,4,43.5,35.3,14771,324528,78845,227668,33030,12753,464,5042,4097
Ohio,2015,11613423,2587.7,596.7,1842.6,108.1,4.3,44.3,35.8,15695,300525,69303,213993,33898,12554,500,5149,4154
Ohio,2016,11614373,575.9,1832.3,169.3,138.7,5.6,48.1,107.8,299357,66883,212807,19667,34877,16111,654,5589,12523
Ohio,2017,11658609,502.4,1743,173.7,141.6,6.1,50.3,99.5,282034,58573,203208,20253,34683,16509,710,5859,11605
Ohio,2018,11689442,412.2,1594.6,170.3,151.2,4.8,45.3,78.6,254496,48186,186401,19909,32723,17674,564,5300,9185
Ohio,2019,11689100,375.5,1520.4,159.7,163.9,4.6,49,75.7,240291,43894,177725,18672,34269,19154,538,5731,8846
Oklahoma,2005,3543442,1007.3,2648,392,371,5.3,41.8,91.2,143406,35692,93814,13900,18044,13146,187,1481,3230
Oklahoma,2006,3579212,962.1,2286.9,375.4,364.9,5.9,41.6,87.9,129728,34437,81853,13438,17905,13062,210,1488,3145
Oklahoma,2007,3617316,950.1,2232.2,376,360.8,6.2,43.3,93.8,128714,34367,80747,13600,18234,13053,224,1565,3392
Oklahoma,2008,3642361,967.7,2203.7,302.6,383.7,5.9,40.4,101.5,126535,35247,80265,11023,19359,13975,215,1471,3698
Oklahoma,2009,3687050,1032.6,2273.2,283.9,364.3,6.3,41.6,91.1,132350,38071,83813,10466,18560,13433,234,1535,3358
Oklahoma,2010,3760184,1006.5,2162.2,274.3,348.1,5.2,39.1,89,129464,37848,81303,10313,18100,13091,195,1469,3345
Oklahoma,2011,3784163,963.5,2115.8,293.1,327.7,5.6,37.3,86.9,127618,36462,80064,11092,17311,12401,212,1410,3288
Oklahoma,2012,3814820,936.6,2161.3,303.1,337.3,5.7,41.6,84.7,129743,35731,82448,11564,17902,12867,216,1588,3231
Oklahoma,2013,3850568,3273.7,866.1,2116.4,78.7,5.1,56.6,43.5,11583,126057,33348,81495,16989,3031,195,2180,1675
Oklahoma,2014,3878051,2990.7,760.9,1956.9,78.6,4.5,45.8,32.9,10744,115982,29508,75891,15744,3048,175,1777,1277
Oklahoma,2015,3911338,2885.9,726.2,1892.5,76.8,6,47.3,34.6,11418,112878,28406,74022,16506,3005,234,1849,1352
Oklahoma,2016,3923561,741.7,1931.4,309.8,311,6.2,52,80.6,117037,29103,75779,12155,17648,12202,245,2039,3162
Oklahoma,2017,3930864,727.8,1836.9,311.7,319.3,6.2,54.5,76.3,113066,28608,72207,12251,17934,12550,242,2142,3000
Oklahoma,2018,3943079,681.1,1856.8,337,331.8,5.2,58.3,70.8,113364,26858,73217,13289,18380,13084,206,2299,2791
Oklahoma,2019,3956971,671.7,1835.5,338.1,307.9,6.7,57.3,59.9,112587,26577,72632,13378,17086,12183,266,2268,2369
Oregon,2005,3638871,759.1,3114,529,181.9,2.2,34.8,68.1,160199,27621,113316,19262,10444,6620,80,1266,2478
Oregon,2006,3700758,657.3,2672.3,395.5,176.1,2.4,32.9,73.3,137858,24324,98897,14637,10534,6516,88,1219,2711
Oregon,2007,3747455,613.2,2539.2,390.6,181.4,2,34,76.4,132773,22979,95157,14637,11015,6799,76,1276,2864
Oregon,2008,3790060,557.1,2445.3,300.2,157.9,2.3,31.2,70.1,125169,21115,92677,11377,9909,5983,87,1183,2656
Oregon,2009,3825657,516,2223.5,260.8,161.5,2.3,31.4,65.3,114780,19739,85064,9977,9968,6179,88,1202,2499
Oregon,2010,3838332,522,2279.5,237.8,153.5,2.5,32.3,63.1,116657,20035,87494,9128,9648,5892,96,1239,2421
Oregon,2011,3868229,535.2,2379.9,235.4,157.3,2.2,32,57.8,121869,20704,92059,9106,9643,6083,84,1239,2237
Oregon,2012,3899353,561.7,2400.9,261.7,154.1,2.4,29.2,61.9,125723,21901,93619,10203,9653,6008,92,1140,2413
Oregon,2013,3930065,3173.9,528.5,2394.5,61,2,48.3,37.1,5610,124737,20769,94106,9984,2397,80,1897,1459
Oregon,2014,3970239,2879,434,2204.6,52.7,2,36.7,26.5,5592,114305,17230,87526,9224,2093,81,1458,1052
Oregon,2015,4028977,2946.6,455.1,2229.7,53.3,2.5,39.5,28.9,6630,118719,18336,89836,10468,2146,99,1593,1164
Oregon,2016,4093465,412,2230,322.3,164.1,2.8,42,55.6,121345,16866,91286,13193,10830,6718,113,1721,2278
Oregon,2017,4142776,427.4,2145.3,413.7,172.3,2.5,48.3,58.7,123722,17705,88877,17140,11674,7139,104,1999,2432
Oregon,2018,4190713,389.1,2109.9,395.1,175.6,2,47.1,60.8,121278,16304,88418,16556,11966,7360,82,1975,2549
Oregon,2019,4217737,349.1,2021.5,360,185.5,2.8,42.2,54,115170,14724,85261,15185,11995,7825,116,1778,2276
Pennsylvania,2005,12405348,452.5,1732,237,235.4,6.1,28.9,154.9,300444,56134,214916,29394,52761,29205,756,3586,19214
Pennsylvania,2006,12440621,464.1,1745.4,238.8,237.8,6,29,169.6,304589,57739,217142,29708,55028,29581,741,3611,21095
Pennsylvania,2007,12432792,451.2,1699.1,213.2,226.8,5.8,27.7,156.4,293850,56091,211248,26511,51806,28198,725,3443,19440
Pennsylvania,2008,12448279,471.4,1760.2,180.7,224.8,5.7,28,151.6,300294,58687,219115,22492,51044,27981,705,3485,18873
Pennsylvania,2009,12604767,434.5,1623.1,141.4,209.4,5.3,28.8,138.9,277182,54772,204588,17822,48188,26394,664,3626,17504
Pennsylvania,2010,12717722,434.1,1607.5,131.5,205.3,5.1,27.3,128.8,276366,55206,204440,16720,46612,26112,653,3472,16375
Pennsylvania,2011,12743948,454.9,1636.9,132.4,204.4,5,26.2,126.8,283442,57966,208604,16872,46189,26046,639,3339,16165
Pennsylvania,2012,12763536,445.5,1603.1,117.7,194.4,5.4,26.1,122.8,276496,56859,204609,15028,44503,24818,685,3327,15673
Pennsylvania,2013,12773801,2060.8,407.3,1545.6,115.6,4.7,29.5,20.7,23719,263240,52034,197436,42849,14762,594,3774,2638
Pennsylvania,2014,12787209,1931.7,357.5,1472.2,105.8,4.8,29.9,21.8,22189,247016,45720,188256,40164,13534,614,3827,2787
Pennsylvania,2015,12802503,1812.8,309.8,1408.2,101.6,5.1,33.6,24.4,22373,232085,39664,180287,40339,13003,658,4305,3122
Pennsylvania,2016,12784227,277.8,1362.8,102.1,180.1,5.2,34.7,96.4,222795,35520,174228,13047,40447,23027,661,4433,12326
Pennsylvania,2017,12805537,250.3,1297.7,101.4,182.6,5.8,32.8,92.1,211220,32057,166178,12985,40120,23387,739,4201,11793
Pennsylvania,2018,12807060,211.6,1175.9,102.4,188,6.1,35,76.9,190816,27104,150596,13116,39192,24077,784,4483,9848
Pennsylvania,2019,12801989,182.4,1124.2,96.8,191.1,5.2,34,76.1,179665,23354,143921,12390,39228,24465,669,4351,9743
Rhode Island,2005,1073579,495.4,1823,410,146.9,3.2,30.1,72.3,29287,5319,19567,4401,2710,1577,34,323,776
Rhode Island,2006,1067610,510.8,1765.8,338,131.5,2.5,27.1,69.3,27914,5453,18852,3609,2460,1404,27,289,740
Rhode Island,2007,1057832,492.1,1812.7,302,131.1,1.8,24.4,71.8,27576,5206,19175,3195,2424,1387,19,258,760
Rhode Island,2008,1050788,548.7,1991.5,304.8,139.2,3,26.8,83.7,29895,5766,20926,3203,2656,1463,31,282,880
Rhode Island,2009,1053209,546.2,1842.3,228.1,148.6,3,28.1,74.5,27558,5753,19403,2402,2678,1565,32,296,785
Rhode Island,2010,1052528,581.8,1751.2,228.3,152,2.8,28.3,74.3,26959,6124,18432,2403,2709,1600,29,298,782
Rhode Island,2011,1050646,650.6,1786,226.1,143.1,1.9,30.4,70.8,27976,6836,18765,2375,2586,1503,20,319,744
Rhode Island,2012,1050292,566.4,1755.7,250.2,153.9,3.2,27.4,67.9,27017,5949,18440,2628,2651,1616,34,288,713
Rhode Island,2013,1051511,2442,533.2,1696.4,65,2.9,41.8,29.2,1550,25678,5607,17838,2705,684,31,440,307
Rhode Island,2014,1055173,2173.6,457.1,1542.8,50.1,2.4,34.2,24,1398,22935,4823,16279,2313,529,25,361,253
Rhode Island,2015,1056298,1897.5,373.7,1392.3,52.6,2.7,43.5,32,1518,20043,3947,14707,2562,556,29,459,338
Rhode Island,2016,1056426,358.6,1389,151.1,143.2,2.7,41.8,51.1,20058,3788,14674,1596,2524,1513,29,442,540
Rhode Island,2017,1059639,303.6,1308.1,140,143.5,1.9,42,44.7,18561,3217,13861,1483,2460,1521,20,445,474
Rhode Island,2018,1057315,265.8,1250.3,144.8,129.2,1.5,45.5,42.9,17561,2810,13220,1531,2317,1366,16,481,454
Rhode Island,2019,1059361,219.1,1187.5,128.2,132.9,2.4,46.3,39.5,16259,2321,12580,1358,2342,1408,25,491,418
South Carolina,2005,4246933,1006.4,2978,386,582.9,7.4,43.8,133.2,185606,42741,126489,16376,32590,24757,314,1862,5657
South Carolina,2006,4321249,994,2894.4,386.1,583.7,8.4,42.4,136.6,184712,42952,125075,16685,33322,25224,362,1834,5902
South Carolina,2007,4407709,1030,2876.8,388,593,8.3,40.2,144.2,189304,45398,126802,17104,34630,26139,364,1773,6354
South Carolina,2008,4479800,1026,2819.7,394.4,539.3,6.9,37.6,147.2,189950,45964,126316,17670,32746,24158,307,1686,6595
South Carolina,2009,4561242,996.3,2614.4,298.5,506,6.7,36.5,126.1,178310,45443,119250,13617,30799,23078,305,1663,5753
South Carolina,2010,4637106,997.6,2621.1,286.7,454.8,5.7,33.4,108.2,181098,46261,121544,13293,27923,21090,265,1551,5017
South Carolina,2011,4673348,1013.2,2616,291.8,455,6.8,35.9,99.1,183243,47351,122255,13637,27894,21265,320,1678,4631
South Carolina,2012,4723723,954.5,2588.3,279.5,421.4,6.9,35.5,95,180550,45086,122263,13201,26397,19905,324,1679,4489
South Carolina,2013,4774839,3624.2,857.8,2502.9,83.2,6.2,45.5,31.8,17838,173049,40958,119511,24278,3972,297,2171,1518
South Carolina,2014,4832482,3460.3,759.9,2433.4,82.7,6.4,42.8,30.6,17676,167217,36721,117594,24052,3997,311,2068,1480
South Carolina,2015,4896146,3293.3,705.7,2322.7,80.3,8.1,46.9,34.9,18073,161245,34551,113724,24700,3931,399,2297,1707
South Carolina,2016,4961119,664.7,2298.5,280.6,365,7.4,48.1,81.3,160928,32976,114032,13920,24896,18108,366,2387,4035
South Carolina,2017,5024369,623.1,2289.1,283.8,371.5,7.8,49.8,77,160575,31306,115012,14257,25432,18668,390,2504,3870
South Carolina,2018,5084127,579.7,2156,281.9,362.8,7.7,47.9,69.9,153421,29473,109616,14332,24825,18446,392,2434,3553
South Carolina,2019,5148714,533.4,2116.1,290.8,390.5,9,47.8,64,151389,27461,108953,14975,26323,20105,464,2460,3294
South Dakota,2005,774883,323.3,1336,108,109.3,2.3,48.7,18.7,13694,2505,10350,839,1387,847,18,377,145
South Dakota,2006,781919,386.7,1273,106.7,181.3,3.8,59.5,20.2,13812,3024,9954,834,2071,1418,30,465,158
South Dakota,2007,796214,332.4,1305.9,98.5,168.8,3.9,54.4,14.8,13829,2647,10398,784,1926,1344,31,433,118
South Dakota,2008,804194,333.6,1276.6,114.2,185.8,4.6,69.9,16.7,13867,2683,10266,918,2227,1494,37,562,134
South Dakota,2009,812383,322.6,1340.6,106.6,139,3.7,61.7,14.4,14378,2621,10891,866,1777,1129,30,501,117
South Dakota,2010,816598,390.9,1371.1,98,200.1,2.8,47.1,18.9,15188,3192,11196,800,2196,1634,23,385,154
South Dakota,2011,823593,355.4,1387,115.2,171.8,2.4,61.1,20.3,15299,2927,11423,949,2105,1415,20,503,167
South Dakota,2012,833354,391,1541.4,127.8,229.7,3,70.2,19,17168,3258,12845,1065,2682,1914,25,585,158
South Dakota,2013,844877,1914.7,399.1,1404.6,18.8,2.4,59.1,41.3,1996,16177,3372,11867,2674,159,20,499,349
South Dakota,2014,853175,1863.9,330.3,1415.5,23.4,2.3,55.1,48.4,2096,15902,2818,12077,2786,200,20,470,413
South Dakota,2015,858469,1943,344.8,1459.8,25.2,3.7,57.7,51.4,2546,16680,2960,12532,3289,216,32,495,441
South Dakota,2016,865454,346.6,1460.4,173.6,325,3.1,58.8,31.4,17141,3000,12639,1502,3621,2813,27,509,272
South Dakota,2017,869666,311.3,1405.9,159,335,2.9,68.4,27.4,16317,2707,12227,1383,3771,2913,25,595,238
South Dakota,2018,882235,291.4,1264.5,172.7,304,1.4,69.6,29.7,15251,2571,11156,1524,3570,2682,12,614,262
South Dakota,2019,884659,299.1,1273.4,198.5,302.5,1.9,72.6,22,15667,2646,11265,1756,3530,2676,17,642,195
Tennessee,2005,5955745,1032.8,2844,424,545.2,7.2,36.8,168.1,256093,61508,169357,25228,45104,32470,431,2194,10009
Tennessee,2006,6038803,1043.7,2718.8,375.1,534.7,6.9,36.3,184.5,249860,63024,164183,22653,46043,32287,419,2194,11143
Tennessee,2007,6156719,1004.1,2741.8,352.8,533.4,6.6,35.7,179.2,252342,61817,168807,21718,46482,32843,405,2201,11033
Tennessee,2008,6214888,1047.4,2683.8,309,508.8,6.6,33.4,173.8,251089,65093,166793,19203,44913,31619,412,2078,10804
Tennessee,2009,6296254,1013.8,2514.3,238.5,473.2,7.4,32.1,153.3,237157,63832,158309,15016,41933,29793,468,2019,9653
Tennessee,2010,6357436,1011.3,2418.1,233.3,440.7,5.6,34.2,131.5,232855,64293,153729,14833,38909,28016,359,2173,8361
Tennessee,2011,6399787,981.8,2405.2,221,442.8,5.9,32.7,126.3,230900,62830,153928,14142,38895,28338,380,2095,8082
Tennessee,2012,6456243,870.2,2300.1,201,479.6,6,31.5,126.5,217664,56181,148503,12980,41550,30961,388,2032,8169
Tennessee,2013,6495978,3180.9,785.1,2213.7,112.5,5,36.2,25.3,28378,206629,50999,143802,38364,7307,328,2351,1642
Tennessee,2014,6549352,3060.6,712.2,2156,110.9,5.7,38.6,28.4,29681,200447,46642,141206,39848,7265,371,2531,1861
Tennessee,2015,6600299,2936.2,655.2,2086,113.2,6.2,40.5,29.8,29844,193796,43247,137679,40400,7474,406,2676,1966
Tennessee,2016,6651194,606.1,2020.7,227.3,467.3,7.3,40.8,117.5,189835,40312,134404,15119,42097,31084,486,2714,7813
Tennessee,2017,6715984,576.5,2088.3,275.8,482.9,7.8,43.7,117.1,197488,38716,140248,18524,43755,32432,527,2934,7862
Tennessee,2018,6770010,489.4,2034.1,301.9,468.5,7.4,41.7,106.2,191279,33132,137708,20439,42226,31717,498,2821,7190
Tennessee,2019,6829174,437.4,1934.4,280.9,456.7,7.3,41.2,90.1,181153,29869,132104,19180,40647,31186,498,2813,6150
Texas,2005,22928508,958.8,2953,408,328.8,6.1,37.1,156.1,990293,219828,677042,93423,121091,75383,1407,8511,35790
Texas,2006,23507783,917.6,2759.6,405.9,317,5.9,35.9,158.5,959846,215710,648711,95425,121602,74531,1386,8429,37256
Texas,2007,23904380,955.1,2774,393.2,306.9,5.9,35.4,162.2,985421,228320,663101,94000,122014,73357,1419,8460,38778
Texas,2008,24326974,945.6,2690.2,351,314.1,5.6,33.1,155.1,969865,230046,654435,85384,123585,76421,1370,8055,37739
Texas,2009,24782302,968.7,2737.7,309,298.7,5.4,33.5,153.4,995082,240058,678455,76569,121684,74021,1330,8311,38022
Texas,2010,25253466,905.2,2592.2,269.4,283.2,4.9,30.2,130.1,951246,228597,654626,68023,113231,71517,1249,7622,32843
Texas,2011,25631778,841.7,2392.1,249.4,263.3,4.4,29.2,111.7,892810,215755,613131,63924,104734,67498,1130,7486,28620
Texas,2012,26059203,785.9,2326.4,249.4,258,4.4,29.6,116.6,876059,204810,606253,64996,106476,67239,1144,7711,30382
Texas,2013,26448193,3258.2,721.8,2287.8,120.2,4.3,36.9,28.4,65292,861734,190898,605091,107998,31801,1139,9766,7504
Texas,2014,26956958,3019.4,627.8,2137.3,115.7,4.4,42.3,30.6,65656,813934,169234,576154,109414,31181,1184,11393,8236
Texas,2015,27469114,2831.3,557.2,2028.5,116.3,4.8,44.6,32.5,67727,777739,153054,557200,113227,31934,1316,12250,8925
Texas,2016,27862596,533.8,1978.1,247.8,261.6,5.3,48,119.6,768947,148740,551151,69056,121042,72880,1478,13367,33317
Texas,2017,28304596,473.7,1848.5,240.4,268.8,5,51.1,114,725328,134066,523221,68041,124238,76089,1412,14470,32267
Texas,2018,28701845,410.8,1713.1,243.2,256.6,4.6,51.2,98.4,679430,117911,491702,69817,117927,73656,1322,14693,28256
Texas,2019,28995881,392.8,1730.6,267.2,263,4.9,51.1,100,693204,113902,501813,77489,121474,76253,1409,14824,28988
United States,2005,296507061,726.9,2287.8,416.8,290.8,5.6,31.8,140.8,10174754,2155448,6783447,1235859,1390745,862220,16740,94347,417438
United States,2006,299398484,733.1,2213.2,400.2,292,5.8,31.6,150,10019601,2194993,6626363,1198245,1435123,874096,17309,94472,449246
United States,2007,301621157,726.1,2185.4,364.9,287.2,5.7,30.6,148.3,9882212,2190198,6591542,1100472,1422970,866358,17128,92160,447324
United States,2008,304059724,733,2166.1,315.4,277.5,5.4,29.8,145.9,9774152,2228887,6586206,959059,1394461,843683,16465,90750,443563
United States,2009,307006550,717.7,2064.5,259.2,264.7,5,29.1,133.1,9337060,2203313,6338095,795652,1325896,812514,15399,89241,408742
United States,2010,309330219,701,2005.8,239.1,252.8,4.8,27.7,119.3,9112625,2168459,6204601,739565,1251248,781844,14722,85593,369089
United States,2011,311587816,701.3,1974.1,230,241.5,4.7,27,113.9,9052743,2185140,6151095,716508,1206031,752423,14661,84175,354772
United States,2012,313914040,670.2,1959.3,229.7,242.3,4.7,26.9,112.9,8975438,2103787,6150598,721053,1214464,760739,14827,84376,354522
United States,2013,316128839,2730.7,610,1899.4,109.1,4.5,34.4,25.2,724149,8632512,1928465,6004453,1191988,345031,14196,108612,79770
United States,2014,318857056,2596.1,542.5,1837.3,102.2,4.5,36.6,26.4,741291,8277829,1729806,5858496,1197987,325802,14249,116645,84041
United States,2015,321418820,2487,491.4,1775.4,101.9,4.9,38.6,28.1,764449,7993631,1579527,5706346,1231566,327374,15696,124047,90185
United States,2016,323127513,468.9,1745,236.9,248.5,5.3,40.4,102.8,7919035,1515096,5638455,765484,1283058,803007,17250,130603,332198
United States,2017,325719178,430.4,1694.4,237.4,248.9,5.3,41.7,98,7694086,1401840,5519107,773139,1283220,810825,17284,135755,319356
United States,2018,327167434,376,1594.6,228.9,246.8,5,42.6,86.2,7196045,1230149,5217055,748841,1245065,807410,16214,139380,282061
United States,2019,328239523,340.5,1549.5,219.9,250.2,5,42.6,81.6,6925677,1117696,5086096,721885,1245410,821182,16425,139815,267988
Utah,2005,2490334,601.2,2894,341,142.2,2.2,36.9,44,95546,14971,72082,8493,5612,3541,56,920,1095
Utah,2006,2550063,577.3,2607,328.3,140.7,2,34.9,48.7,89572,14721,66480,8371,5771,3587,51,891,1242
Utah,2007,2645330,589.5,2592.2,337,148.5,2.2,35.3,53.9,93082,15594,68573,8915,6347,3928,59,935,1425
Utah,2008,2736424,539.6,2569,267.1,138.4,1.5,33.4,51.9,92373,14766,70299,7308,6165,3788,41,915,1421
Utah,2009,2784572,547.9,2497.9,249.1,133.4,1.4,33.8,46.8,91751,15258,69556,6937,5998,3714,39,941,1304
Utah,2010,2775479,543.9,2422.7,215.4,130.4,1.9,35.4,45.7,88316,15095,67242,5979,5925,3620,53,983,1269
Utah,2011,2814347,468,2299.9,219.8,125,1.8,32,38.3,84084,13170,64727,6187,5547,3517,50,901,1079
Utah,2012,2855287,453.3,2328.4,210.1,132.5,1.8,33,38.5,85424,12943,66482,5999,5876,3783,50,943,1100
Utah,2013,2900872,2950.4,459.6,2233.4,42.8,1.7,49,34.3,3784,85586,13333,64788,6498,1243,49,1422,994
Utah,2014,2942902,2878.5,391.4,2239.1,44.6,2.3,49.4,32.1,3513,84711,11518,65895,6346,1312,67,1454,945
Utah,2015,2995919,2980,416.2,2273.2,44.3,1.8,54.9,36.6,4046,89278,12468,68103,7071,1326,54,1645,1098
Utah,2016,3051217,420.7,2223.2,307.7,140.1,2.4,49.8,50.5,90058,12836,67834,9388,7407,4274,72,1520,1541
Utah,2017,3101833,381,2092.1,307.2,134.5,2.4,54.7,47.3,86238,11817,64892,9529,7410,4172,73,1697,1468
Utah,2018,3161105,315.3,1817.7,244.5,136.6,1.9,55.5,39.1,75156,9968,57460,7728,7368,4319,60,1753,1236
Utah,2019,3205958,276.7,1682.4,210.2,141.4,2.2,56.8,35.1,69546,8871,53937,6738,7553,4534,72,1822,1125
Vermont,2005,622387,511.7,1750,108,87.6,1.3,24.6,12.2,14749,3185,10894,670,782,545,8,153,76
Vermont,2006,623908,551.8,1740.2,99.4,96.8,2.2,27.7,18.3,14920,3443,10857,620,905,604,14,173,114
Vermont,2007,621254,515.1,1747,104.5,93.7,2.1,20.6,12.7,14702,3200,10853,649,802,582,13,128,79
Vermont,2008,621270,565.8,1899.7,94.3,98.3,2.7,21.4,15,15903,3515,11802,586,854,611,17,133,93
Vermont,2009,621760,558.3,1783.6,72.2,94.2,1.3,21.2,17.9,15010,3471,11090,449,837,586,8,132,111
Vermont,2010,625909,534.9,1657.3,70.1,95.2,1.1,22.5,12.1,14160,3348,10373,439,820,596,7,141,76
Vermont,2011,626592,612.5,1710.8,84.3,106.8,1.8,23.3,15.8,15086,3838,10720,528,925,669,11,146,99
Vermont,2012,626011,633.4,1695.8,69.5,104.2,1.3,19.3,17.9,15016,3965,10616,435,893,652,8,121,112
Vermont,2013,626630,2214.2,528.7,1632.2,11.6,1.6,20.7,14.5,546,13875,3313,10228,759,73,10,130,91
Vermont,2014,626562,1524.4,324.6,1160.8,11.2,1.6,17.6,15.8,432,9551,2034,7273,622,70,10,110,99
Vermont,2015,626042,1406.6,314.4,1063.8,16.1,1.6,21.7,19.3,492,8806,1968,6660,739,101,10,136,121
Vermont,2016,624594,336.7,1315.6,45.1,110.6,2.2,28.5,17,10602,2103,8217,282,989,691,14,178,106
Vermont,2017,623657,297.3,1108.3,31.1,113.8,2.2,35,14.8,8960,1854,6912,194,1034,710,14,218,92
Vermont,2018,626299,234.2,1008.5,40.4,113.4,1.6,45.8,11.2,8036,1467,6316,253,1077,710,10,287,70
Vermont,2019,623989,204.3,1172.3,47.8,144.6,1.8,44.6,11.4,8888,1275,7315,298,1262,902,11,278,71
Virginia,2005,7564327,394.3,2044,211,154.9,6.1,23.3,99.1,200404,29829,154584,15991,21434,11718,458,1763,7495
Virginia,2006,7642884,420.9,1874.8,193.6,152.7,5.3,23.9,101.8,190257,32166,143292,14799,21683,11672,403,1829,7779
Virginia,2007,7712091,415.3,1888.4,182.8,144.3,5.4,23.2,99.8,191763,32028,145634,14101,21035,11131,415,1793,7696
Virginia,2008,7769089,414.3,1946.1,171.8,133.8,4.8,23.1,96.2,196726,32188,151191,13347,20031,10397,370,1794,7470
Virginia,2009,7882590,405.4,1907.7,148.3,125.7,4.7,19.9,80.5,194020,31956,150374,11690,18195,9911,370,1572,6342
Virginia,2010,8023953,383.9,1819.4,132.2,119,4.7,19.7,70.8,187403,30804,145990,10609,17184,9550,376,1580,5678
Virginia,2011,8104384,378.3,1758,120.6,107.3,3.8,19.6,66.9,182902,30656,142476,9770,16014,8694,304,1591,5425
Virginia,2012,8185867,360.5,1690.7,110.9,111.1,3.8,17.7,57.5,176985,29511,138398,9076,15564,9092,314,1452,4706
Virginia,2013,8260405,2065.9,322.5,1640.1,55.3,3.8,27.4,19.1,9062,170654,26640,135478,16205,4565,316,2262,1581
Virginia,2014,8326289,1930.3,277.7,1560.5,51.5,4.1,27.7,17.2,9400,160720,23122,129933,16340,4292,338,2310,1432
Virginia,2015,8382993,1866.5,254.6,1515.2,53,4.6,27.9,17.8,9235,156470,21340,127019,16399,4441,383,2340,1493
Virginia,2016,8411808,238,1505.1,116.4,122.2,5.8,32.5,57.1,156412,20018,126606,9788,18302,10278,484,2737,4803
Virginia,2017,8470020,218,1454.7,120.1,117.9,5.3,33.8,51.1,151855,18468,123215,10172,17632,9985,453,2862,4332
Virginia,2018,8517685,182.8,1356.4,126.5,118.7,4.6,34.3,42.3,141885,15574,115533,10778,17032,10113,391,2924,3604
Virginia,2019,8535519,162.8,1359.5,120.3,128.7,5,33,41.3,140213,13900,116044,10269,17753,10987,426,2816,3524
Washington,2005,6291899,959.1,3147,783,205.7,3.3,44.7,92,307661,60343,198031,49287,21745,12941,205,2811,5788
Washington,2006,6395798,920,2864.1,726,202.2,3.1,43,100.4,288456,58843,183179,46434,22303,12934,197,2748,6424
Washington,2007,6468424,817.4,2640.2,589.3,198.8,2.7,41,94,261776,52874,170782,38120,21768,12862,174,2653,6079
Washington,2008,6549224,811.3,2550.1,444.8,192.7,2.9,40.5,98,249283,53136,167013,29134,21888,12623,193,2653,6419
Washington,2009,6664195,796,2527.3,356.3,194,2.9,38.8,100.7,245215,53047,168421,23747,22412,12928,190,2583,6711
Washington,2010,6742950,818.5,2498.8,381.8,185,2.3,38.2,87.9,249426,55192,168490,25744,21138,12476,154,2579,5929
Washington,2011,6823267,828.9,2386.4,363.8,176.5,2.4,34,82.5,244209,56561,162828,24820,20152,12042,163,2320,5627
Washington,2012,6897012,880.5,2395.3,382.8,177.5,3,31.8,83.3,252333,60725,165206,26402,20386,12242,206,2193,5745
Washington,2013,6971406,3710.3,837,2465.9,83.5,2.3,36.9,25.8,11601,258662,58353,171910,20153,5819,160,2573,1797
Washington,2014,7061530,3706.1,783,2489.1,79.9,2.5,38.2,30.7,11627,261706,55290,175769,20136,5640,174,2695,2171
Washington,2015,7170351,3463.8,711.2,2378,76,2.9,37.7,30.6,12029,248369,50993,170509,20394,5449,211,2705,2193
Washington,2016,7288000,674.8,2376.3,443,179.7,2.7,42.2,77.5,254653,49180,173187,32286,22023,13100,195,3077,5651
Washington,2017,7405743,590.4,2194.4,388.8,184.6,3.1,44,72.8,235027,43720,162511,28796,22548,13673,230,3255,5390
Washington,2018,7535591,533.5,2045.4,367.3,189.1,3.1,45.3,73.9,222011,40201,154133,27677,23472,14251,236,3413,5572
Washington,2019,7614893,453.6,1907.9,320.5,179.9,2.6,43.8,67.6,204224,34540,145282,24402,22377,13700,198,3332,5147
West Virginia,2005,1814083,624.8,1797,211,205.9,4.5,18.5,45,47757,11334,32603,3820,4968,3735,82,335,816
West Virginia,2006,1818470,636.7,1776.5,223.1,207.6,4.4,22.2,46.9,47941,11579,32305,4057,5113,3776,80,404,853
West Virginia,2007,1812035,597.2,1728.5,191.9,205.1,3.6,21.4,46.7,45620,10822,31321,3477,5016,3716,65,388,847
West Virginia,2008,1814468,597.4,1761.8,174.4,201.4,3.7,21.4,49.4,45971,10840,31967,3164,5006,3654,67,389,896
West Virginia,2009,1819777,659.7,1728.4,151.5,224.5,4.6,25.8,50.2,46215,12005,31453,2757,5554,4086,84,470,914
West Virginia,2010,1854368,581.2,1515.6,130.4,236.7,3.1,19.5,41.8,41301,10778,28104,2419,5586,4390,58,362,776
West Virginia,2011,1854908,552.3,1437.1,113.6,228.4,4.7,20.1,43.2,39009,10245,26656,2108,5497,4236,87,372,802
West Virginia,2012,1855413,608.5,1637.3,119.1,244.6,3.9,22.7,45.2,43878,11291,30378,2209,5869,4538,72,421,838
West Virginia,2013,1854304,2103.9,521.7,1478.9,35.1,3.3,35.2,24.6,4203,39013,9674,27423,5568,651,61,653,456
West Virginia,2014,1850326,2034.7,484.9,1447.3,35.2,4,27.3,15.4,4358,37648,8973,26779,5588,651,74,505,285
West Virginia,2015,1844128,2020,497.3,1401.3,41.2,3.8,36.4,22.8,4729,37251,9170,25842,6231,760,70,672,420
West Virginia,2016,1831102,507.9,1402.3,137,278.5,4.4,35.9,39.3,37487,9301,25677,2509,6557,5099,81,657,720
West Virginia,2017,1815857,420.1,1266.6,165.3,273.4,4.7,43.8,28.9,33630,7628,23000,3002,6368,4964,85,795,524
West Virginia,2018,1805832,296.5,1049.6,139.5,218.5,3.7,36.1,31.7,26827,5354,18954,2519,5236,3945,67,652,572
West Virginia,2019,1792147,328.7,1119.7,135,249.1,4.4,42.1,21.1,28376,5891,20066,2419,5674,4464,78,754,378
Wisconsin,2005,5527644,442.3,2000,228,135.2,3.7,20.5,82.4,147556,24448,110531,12577,13367,7471,206,1135,4555
Wisconsin,2006,5556506,486.6,2081.9,252.5,160.8,3,22.2,100.1,156748,27038,115682,14028,15899,8937,165,1233,5564
Wisconsin,2007,5601640,497.9,2105.8,240.3,168.5,3.3,21.9,97.8,159305,27890,117957,13458,16330,9438,185,1227,5480
Wisconsin,2008,5627967,487.9,2069.2,205.1,161.2,2.6,20,91.7,155456,27459,116456,11541,15507,9070,146,1128,5163
Wisconsin,2009,5654774,474.2,1979.7,158,150,2.6,19.8,86.7,147692,26813,111947,8932,14650,8482,146,1118,4904
Wisconsin,2010,5691659,468,1897.4,143.2,145.9,2.7,20.9,79.3,142781,26636,107993,8152,14167,8305,155,1191,4516
Wisconsin,2011,5709843,475.8,1829.7,144.9,146.1,2.4,20.8,80.6,139912,27167,104472,8273,14268,8340,138,1190,4600
Wisconsin,2012,5726398,488,1822.3,143.5,175.5,3,21.3,80.7,140513,27945,104352,8216,16064,10050,173,1219,4622
Wisconsin,2013,5742713,2188.7,424,1636,84.2,2.8,29.4,22.6,9278,125688,24347,93953,15961,4834,162,1687,1296
Wisconsin,2014,5757564,2088.3,368.5,1547.6,88,2.9,29.1,20.3,9809,120238,21216,89103,16714,5066,165,1674,1168
Wisconsin,2015,5771337,1974,338.8,1444.8,90.7,4.2,30.8,21.2,10395,113924,19554,83385,17647,5232,240,1780,1224
Wisconsin,2016,5778708,336.1,1424.8,172.3,186.3,4,34.2,81.4,111720,19425,82337,9958,17679,10765,229,1979,4706
Wisconsin,2017,5795483,303.7,1341.3,163.4,204.8,3.2,36.9,75,104802,17599,77735,9468,18539,11869,186,2139,4345
Wisconsin,2018,5813568,242.5,1168.9,148.5,193.7,3,38.7,60,90686,14099,67953,8634,17176,11263,176,2248,3489
Wisconsin,2019,5822434,217.6,1127,126.8,200,3,38.8,51.4,85672,12667,65620,7385,17070,11643,175,2261,2991
Wyoming,2005,508798,476.8,2536,145,188.3,2.8,24,15.3,16070,2426,12905,739,1172,958,14,122,78
Wyoming,2006,515004,450.9,2379.6,156.1,208,2.5,29.3,14,15381,2322,12255,804,1307,1071,13,151,72
Wyoming,2007,522830,452.3,2271.3,155.5,204.1,4,32.9,16.1,15053,2365,11875,813,1344,1067,21,172,84
Wyoming,2008,532668,412.6,2174.7,137.6,196.4,2.3,34.7,16.3,14515,2198,11584,733,1330,1046,12,185,87
Wyoming,2009,544270,399.8,2078,139.1,171.8,2,31.6,14.3,14243,2176,11310,757,1196,935,11,172,78
Wyoming,2010,564554,381,1970.8,104.9,154.1,1.4,28.7,13.6,13869,2151,11126,592,1117,870,8,162,77
Wyoming,2011,567356,328.5,1849.5,91.8,178,3.2,25.7,12.5,12878,1864,10493,521,1245,1010,18,146,71
Wyoming,2012,576412,368.7,1823.9,101.3,161.7,2.4,26.7,10.6,13222,2125,10513,584,1161,932,14,154,61
Wyoming,2013,582658,2198.4,335.5,1763.6,12.9,2.9,32.1,24.7,916,12809,1955,10276,1195,75,17,187,144
Wyoming,2014,584153,1964.7,289.1,1572.4,9.1,2.7,29.8,21.6,899,11477,1689,9185,1142,53,16,174,126
Wyoming,2015,586107,1902.6,300.6,1500.9,10.1,2.7,29.5,21.3,1054,11151,1762,8797,1302,59,16,173,125
Wyoming,2016,585501,302.5,1518.2,136.6,195.7,3.4,35,10.1,11460,1771,8889,800,1430,1146,20,205,59
Wyoming,2017,579315,275,1421,134.5,176.4,2.6,45.4,13.1,10604,1593,8232,779,1376,1022,15,263,76
Wyoming,2018,577737,264,1375.9,145.2,150.6,2.3,42.1,17.3,10313,1525,7949,839,1226,870,13,243,100
Wyoming,2019,578759,241.2,1206.7,123.2,147.6,2.2,56,11.6,9093,1396,6984,713,1258,854,13,324,67
